timestamp,cpu_percent,memory_percent,memory_mb,active_workers,queued_tasks
2025-12-11T16:50:43.450710,0.0,31.3,2446.5703125,0,0
2025-12-11T16:50:44.452993,5.3,32.6,2547.07421875,0,0
2025-12-11T16:50:45.454523,4.7,32.7,2551.3828125,0,0
2025-12-11T16:50:46.455817,5.1,33.3,2603.96484375,0,0
2025-12-11T16:50:47.457258,4.6,33.2,2592.58203125,0,0
2025-12-11T16:50:48.458636,5.1,33.6,2624.5703125,0,0
2025-12-11T16:50:49.460164,5.3,33.2,2590.07421875,0,0
2025-12-11T16:50:50.461677,5.4,33.9,2646.5390625,0,0
2025-12-11T16:50:51.463173,5.2,33.3,2602.8671875,0,0
2025-12-11T16:50:52.464785,5.2,33.6,2627.34765625,0,0
2025-12-11T16:50:53.466289,5.9,33.7,2630.08203125,0,0
2025-12-11T16:50:54.467616,5.8,33.7,2631.72265625,0,0
2025-12-11T16:50:55.469700,4.6,33.7,2633.60546875,0,0
2025-12-11T16:50:56.471059,4.8,33.7,2635.890625,0,0
2025-12-11T16:50:57.472388,5.2,33.7,2634.19921875,0,0
2025-12-11T16:50:58.473751,5.2,33.7,2632.9609375,0,0
2025-12-11T16:50:59.475118,5.0,33.7,2633.1015625,0,0
2025-12-11T16:51:00.476375,4.7,33.9,2651.12890625,0,0
2025-12-11T16:51:01.477687,5.6,33.5,2614.51953125,0,0
2025-12-11T16:51:02.478052,5.6,33.8,2636.94140625,0,0
2025-12-11T16:51:03.479173,5.0,34.3,2677.296875,0,0
2025-12-11T16:51:04.480474,4.9,34.0,2654.30078125,0,0
2025-12-11T16:51:05.481765,5.0,33.7,2628.625,0,0
2025-12-11T16:51:06.483123,5.7,34.0,2653.4453125,0,0
2025-12-11T16:51:07.484384,5.0,34.3,2682.48828125,0,0
2025-12-11T16:51:08.485616,4.9,34.0,2654.37890625,0,0
2025-12-11T16:51:09.486938,5.6,33.8,2636.31640625,0,0
2025-12-11T16:51:10.488275,6.2,34.0,2656.1796875,0,0
2025-12-11T16:51:11.498183,5.4,34.3,2675.87890625,0,0
2025-12-11T16:51:12.507213,4.9,34.0,2652.02734375,0,0
2025-12-11T16:52:27.028916,0.0,33.8,2636.3203125,0,0
2025-12-11T16:52:28.030628,18.6,37.3,2911.75390625,0,0
2025-12-11T16:52:29.031202,15.5,38.2,2987.1875,0,0
2025-12-11T16:52:30.032844,6.1,38.5,3004.83984375,0,0
2025-12-11T16:52:31.034522,2.6,38.5,3007.38671875,0,0
2025-12-11T16:52:32.036352,1.9,38.5,3006.56640625,0,0
2025-12-11T16:52:33.038229,2.4,38.5,3007.1484375,0,0
2025-12-11T16:52:34.039173,10.8,40.5,3161.5390625,0,0
2025-12-11T16:52:35.040576,8.6,51.4,4017.9921875,0,0
2025-12-11T16:52:36.042042,10.0,65.9,5146.80859375,0,0
2025-12-11T16:52:37.043492,11.4,76.2,5953.59765625,0,0
2025-12-11T16:52:38.045023,1.9,76.2,5954.87109375,0,0
2025-12-11T16:52:39.046589,1.6,76.2,5954.87109375,0,0
2025-12-11T16:52:40.048357,3.3,76.3,5957.03125,0,0
2025-12-11T16:52:41.049385,2.9,76.1,5945.265625,0,0
2025-12-11T16:52:42.050804,2.2,76.1,5946.28125,0,0
2025-12-11T16:52:43.051209,8.1,87.4,6826.56640625,0,0
2025-12-11T16:52:44.052544,7.7,88.6,6917.39453125,0,0
2025-12-11T16:52:45.053867,6.9,88.9,6940.20703125,0,0
2025-12-11T16:52:46.055267,9.8,88.7,6923.97265625,0,0
2025-12-11T16:52:47.056760,7.2,88.7,6928.70703125,0,0
2025-12-11T16:52:48.058140,7.6,88.8,6935.38671875,0,0
2025-12-11T16:52:49.059415,7.2,88.8,6939.30078125,0,0
2025-12-11T16:52:50.060687,8.5,88.9,6943.14453125,0,0
2025-12-11T16:52:51.062149,7.3,89.0,6948.53125,0,0
2025-12-11T16:52:52.063648,7.9,89.1,6955.34765625,0,0
2025-12-11T16:52:53.065034,7.5,89.1,6959.2578125,0,0
2025-12-11T16:52:54.066447,8.6,89.1,6962.3203125,0,0
2025-12-11T16:52:55.067843,7.1,89.2,6965.2890625,0,0
2025-12-11T16:52:56.069297,7.4,89.2,6965.75,0,0
2025-12-11T16:52:57.070758,7.3,89.2,6970.2890625,0,0
2025-12-11T16:52:58.072109,7.4,89.3,6971.0234375,0,0
2025-12-11T16:52:59.073393,7.2,89.3,6973.9765625,0,0
2025-12-11T16:53:00.074791,7.1,89.3,6976.6953125,0,0
2025-12-11T16:53:01.076111,7.1,89.4,6980.75390625,0,0
2025-12-11T16:53:02.077455,7.1,89.4,6985.0078125,0,0
2025-12-11T16:53:03.078815,6.9,89.5,6987.5859375,0,0
2025-12-11T16:53:04.080146,10.0,89.5,6990.7890625,0,0
2025-12-11T16:53:05.081453,7.2,89.5,6993.1171875,0,0
2025-12-11T16:53:06.082726,7.7,89.6,6995.703125,0,0
2025-12-11T16:53:07.083946,7.0,89.6,7001.33203125,0,0
2025-12-11T16:53:08.085427,7.4,89.7,7006.80078125,0,0
2025-12-11T16:53:09.086823,7.4,89.7,7008.8125,0,0
2025-12-11T16:53:10.087287,7.8,89.8,7012.22265625,0,0
2025-12-11T16:53:11.088686,7.5,89.8,7015.0234375,0,0
2025-12-11T16:53:12.090234,7.8,89.9,7018.85546875,0,0
2025-12-11T16:53:13.091571,7.1,89.9,7023.91796875,0,0
2025-12-11T16:53:14.092854,10.6,90.0,7028.5859375,0,0
2025-12-11T16:53:15.094144,7.5,90.1,7033.88671875,0,0
2025-12-11T16:53:16.095416,7.7,90.1,7036.01171875,0,0
2025-12-11T16:53:17.096729,7.3,90.2,7041.15625,0,0
2025-12-11T16:53:18.098141,7.5,90.2,7046.15234375,0,0
2025-12-11T16:53:19.099430,8.6,90.5,7069.5625,0,0
2025-12-11T16:53:20.100802,7.6,90.6,7074.77734375,0,0
2025-12-11T16:53:21.102254,7.1,90.6,7078.57421875,0,0
2025-12-11T16:53:22.103485,7.8,90.7,7081.95703125,0,0
2025-12-11T16:53:23.104742,7.1,90.7,7086.25,0,0
2025-12-11T16:53:24.106036,7.3,90.8,7089.7109375,0,0
2025-12-11T16:53:25.107380,7.9,90.8,7093.8359375,0,0
2025-12-11T16:53:26.108803,7.9,92.7,7242.62890625,0,0
2025-12-11T16:53:27.111217,11.0,98.8,7714.41015625,0,0
2025-12-11T16:53:28.113402,18.4,75.5,5894.44140625,0,0
2025-12-11T16:53:29.115189,17.2,75.8,5921.76953125,0,0
2025-12-11T16:53:30.116656,16.8,76.2,5951.6796875,0,0
2025-12-11T16:53:31.118321,16.1,77.0,6016.1484375,0,0
2025-12-11T16:53:32.119299,26.7,77.1,6020.05859375,0,0
2025-12-11T16:53:33.120722,24.2,77.1,6020.765625,0,0
2025-12-11T16:53:34.122406,26.5,77.1,6020.66015625,0,0
2025-12-11T16:53:35.123774,26.0,77.1,6020.34765625,0,0
2025-12-11T16:53:36.125451,25.5,77.1,6022.20703125,0,0
2025-12-11T16:53:37.126988,29.0,77.1,6020.4375,0,0
2025-12-11T16:53:38.128477,26.2,77.1,6021.6796875,0,0
2025-12-11T16:53:39.129840,26.2,77.1,6019.83203125,0,0
2025-12-11T16:53:40.131223,26.1,77.1,6021.28125,0,0
2025-12-11T16:53:41.132584,26.4,77.1,6022.6953125,0,0
2025-12-11T16:53:42.134064,26.0,77.1,6024.51171875,0,0
2025-12-11T16:53:43.135709,28.1,77.2,6025.74609375,0,0
2025-12-11T16:53:44.137148,24.6,77.2,6025.57421875,0,0
2025-12-11T16:53:45.138660,26.4,77.2,6025.6015625,0,0
2025-12-11T16:53:46.140251,26.1,77.2,6026.03515625,0,0
2025-12-11T16:53:47.141748,26.4,77.2,6026.46875,0,0
2025-12-11T16:53:48.143369,29.2,77.2,6027.65625,0,0
2025-12-11T16:53:49.145039,26.6,77.2,6028.0,0,0
2025-12-11T16:53:50.146489,26.3,77.2,6028.203125,0,0
2025-12-11T16:53:51.147982,26.8,77.2,6027.90625,0,0
2025-12-11T16:53:52.149600,26.3,77.2,6029.1328125,0,0
2025-12-11T16:53:53.151374,26.3,77.2,6028.75390625,0,0
2025-12-11T16:53:54.153000,26.1,77.2,6029.0703125,0,0
2025-12-11T16:53:55.154539,26.3,77.2,6030.3515625,0,0
2025-12-11T16:53:56.155271,27.7,77.2,6030.81640625,0,0
2025-12-11T16:53:57.156918,28.3,77.2,6030.29296875,0,0
2025-12-11T16:53:58.158539,27.5,77.2,6031.453125,0,0
2025-12-11T16:53:59.159313,26.9,77.2,6029.83203125,0,0
2025-12-11T16:54:00.160816,24.3,77.2,6031.98046875,0,0
2025-12-11T16:54:01.162271,14.4,77.2,6031.0859375,0,0
2025-12-11T16:54:02.163556,12.1,60.2,4701.75,0,0
2025-12-11T16:54:03.165147,18.3,61.0,4761.96484375,0,0
2025-12-11T16:54:04.166697,26.6,64.0,4999.046875,0,0
2025-12-11T16:54:05.167654,27.3,65.2,5090.21875,0,0
2025-12-11T16:54:06.169321,27.2,65.4,5110.39453125,0,0
2025-12-11T16:54:07.171020,26.4,65.5,5114.41015625,0,0
2025-12-11T16:54:08.172743,26.5,65.5,5114.953125,0,0
2025-12-11T16:54:09.174382,25.5,65.5,5119.26171875,0,0
2025-12-11T16:54:10.175921,26.5,65.6,5122.0,0,0
2025-12-11T16:54:11.177263,25.6,65.6,5124.375,0,0
2025-12-11T16:54:12.178967,26.3,65.7,5134.95703125,0,0
2025-12-11T16:54:13.180722,26.2,65.8,5136.6796875,0,0
2025-12-11T16:54:14.182367,26.2,65.7,5134.9921875,0,0
2025-12-11T16:54:15.183813,25.8,65.8,5139.91015625,0,0
2025-12-11T16:54:16.184270,26.5,65.8,5140.1171875,0,0
2025-12-11T16:54:17.185411,24.2,65.8,5140.83203125,0,0
2025-12-11T16:54:18.187115,29.1,65.8,5141.06640625,0,0
2025-12-11T16:54:19.188675,29.4,65.9,5143.05859375,0,0
2025-12-11T16:54:20.190249,26.2,65.9,5146.80078125,0,0
2025-12-11T16:54:21.191351,26.1,65.9,5148.7578125,0,0
2025-12-11T16:54:22.192858,26.0,65.9,5147.671875,0,0
2025-12-11T16:54:23.194417,25.8,65.9,5147.671875,0,0
2025-12-11T16:54:24.195601,26.4,66.0,5151.26953125,0,0
2025-12-11T16:54:25.197015,25.8,66.0,5151.640625,0,0
2025-12-11T16:54:26.198488,26.2,66.0,5156.5078125,0,0
2025-12-11T16:54:27.199378,27.2,65.8,5140.8671875,0,0
2025-12-11T16:54:28.200722,26.8,65.8,5142.20703125,0,0
2025-12-11T16:54:29.202131,25.4,65.8,5142.6953125,0,0
2025-12-11T16:54:30.203661,27.2,65.9,5148.02734375,0,0
2025-12-11T16:54:31.205333,26.5,66.0,5155.2421875,0,0
2025-12-11T16:54:32.206966,29.5,63.8,4986.29296875,0,0
2025-12-11T16:54:33.208661,29.4,65.1,5081.40625,0,0
2025-12-11T16:54:34.210236,36.4,66.7,5206.9375,0,0
2025-12-11T16:54:35.211640,30.2,67.3,5255.10546875,0,0
2025-12-11T16:54:36.212956,24.3,58.3,4555.0,0,0
2025-12-11T16:54:37.214405,20.7,62.7,4894.15625,0,0
2025-12-11T16:54:38.215250,21.7,65.7,5130.9765625,0,0
2025-12-11T16:54:39.216815,26.1,67.4,5261.8125,0,0
2025-12-11T16:54:40.218396,26.0,67.6,5276.296875,0,0
2025-12-11T16:54:41.219334,25.9,67.6,5281.75,0,0
2025-12-11T16:54:42.220424,25.7,67.7,5284.78125,0,0
2025-12-11T16:54:43.221071,26.5,67.7,5288.26953125,0,0
2025-12-11T16:54:44.222671,25.7,67.7,5291.1640625,0,0
2025-12-11T16:54:45.224298,25.9,67.8,5293.67578125,0,0
2025-12-11T16:54:46.225771,26.1,67.8,5298.7890625,0,0
2025-12-11T16:54:47.227465,27.5,67.9,5303.796875,0,0
2025-12-11T16:54:48.229107,26.6,67.9,5303.9765625,0,0
2025-12-11T16:54:49.230796,26.3,68.0,5307.1875,0,0
2025-12-11T16:54:50.232267,25.9,68.0,5312.36328125,0,0
2025-12-11T16:54:51.233951,24.8,68.0,5313.10546875,0,0
2025-12-11T16:54:52.235373,26.1,68.0,5312.578125,0,0
2025-12-11T16:54:53.237101,26.7,68.0,5312.6953125,0,0
2025-12-11T16:54:54.238551,25.9,68.1,5316.328125,0,0
2025-12-11T16:54:55.240151,26.6,68.1,5317.24609375,0,0
2025-12-11T16:54:56.241747,26.2,68.1,5318.64453125,0,0
2025-12-11T16:54:57.243286,29.0,68.1,5318.0078125,0,0
2025-12-11T16:54:58.244817,26.1,68.1,5320.1484375,0,0
2025-12-11T16:54:59.246434,26.1,68.1,5317.71484375,0,0
2025-12-11T16:55:00.247833,25.9,68.1,5322.43359375,0,0
2025-12-11T16:55:01.249388,26.2,68.2,5323.25390625,0,0
2025-12-11T16:55:02.251127,25.5,68.2,5323.69921875,0,0
2025-12-11T16:55:03.252750,26.0,68.2,5323.328125,0,0
2025-12-11T16:55:04.254477,26.2,68.2,5323.26953125,0,0
2025-12-11T16:55:05.255902,25.0,68.2,5328.1171875,0,0
2025-12-11T16:55:06.257310,26.1,68.4,5339.56640625,0,0
2025-12-11T16:55:07.259066,26.4,68.4,5340.13671875,0,0
2025-12-11T16:55:08.260588,15.6,58.6,4573.12109375,0,0
2025-12-11T16:55:09.261590,14.2,63.0,4922.0546875,0,0
2025-12-11T16:55:10.263257,18.5,66.3,5177.8515625,0,0
2025-12-11T16:55:11.264894,25.9,67.9,5302.84375,0,0
2025-12-11T16:55:12.266386,25.3,68.1,5315.91015625,0,0
2025-12-11T16:55:13.267938,25.0,68.1,5319.09765625,0,0
2025-12-11T16:55:14.269536,25.8,68.2,5322.69140625,0,0
2025-12-11T16:55:15.271100,25.9,68.2,5324.4296875,0,0
2025-12-11T16:55:16.272733,25.7,68.2,5327.6953125,0,0
2025-12-11T16:55:17.274422,25.5,68.3,5330.7578125,0,0
2025-12-11T16:55:18.276062,25.8,68.3,5334.68359375,0,0
2025-12-11T16:55:19.277543,25.6,68.3,5335.46875,0,0
2025-12-11T16:55:20.278308,25.8,68.4,5340.4609375,0,0
2025-12-11T16:55:21.280032,25.7,68.4,5339.6796875,0,0
2025-12-11T16:55:22.281744,25.0,68.4,5340.82421875,0,0
2025-12-11T16:55:23.283532,25.7,68.4,5340.8203125,0,0
2025-12-11T16:55:24.284954,25.5,68.4,5342.05078125,0,0
2025-12-11T16:55:25.286451,25.9,68.4,5345.93359375,0,0
2025-12-11T16:55:26.288052,26.9,68.4,5345.8203125,0,0
2025-12-11T16:55:27.289560,26.4,68.4,5344.1875,0,0
2025-12-11T16:55:28.291249,26.5,68.4,5343.3203125,0,0
2025-12-11T16:55:29.292885,25.8,68.4,5344.79296875,0,0
2025-12-11T16:55:30.294406,25.9,68.5,5353.06640625,0,0
2025-12-11T16:55:31.296084,25.5,68.5,5353.44140625,0,0
2025-12-11T16:55:32.297609,26.0,68.5,5353.828125,0,0
2025-12-11T16:55:33.299278,25.3,68.6,5354.06640625,0,0
2025-12-11T16:55:34.300803,25.8,68.6,5353.96484375,0,0
2025-12-11T16:55:35.302322,25.3,68.6,5358.1015625,0,0
2025-12-11T16:55:36.304009,24.3,68.6,5357.01171875,0,0
2025-12-11T16:55:37.305928,25.5,68.8,5370.453125,0,0
2025-12-11T16:55:38.307388,27.1,68.8,5370.69921875,0,0
2025-12-11T16:55:39.309122,9.3,62.0,4842.26953125,0,0
2025-12-11T16:55:40.310774,15.4,63.3,4941.265625,0,0
2025-12-11T16:55:41.312446,22.6,66.5,5196.83984375,0,0
2025-12-11T16:55:42.313922,26.1,67.7,5285.90234375,0,0
2025-12-11T16:55:43.315475,25.9,67.8,5293.6015625,0,0
2025-12-11T16:55:44.317022,25.8,67.8,5296.8203125,0,0
2025-12-11T16:55:45.318483,25.8,67.8,5299.0859375,0,0
2025-12-11T16:55:46.320105,26.4,67.9,5302.66015625,0,0
2025-12-11T16:55:47.321745,26.0,67.9,5305.0234375,0,0
2025-12-11T16:55:48.323424,26.1,68.0,5309.93359375,0,0
2025-12-11T16:55:49.324984,25.6,68.0,5312.59375,0,0
2025-12-11T16:55:50.326790,25.6,68.0,5314.01171875,0,0
2025-12-11T16:55:51.328331,26.1,68.0,5314.640625,0,0
2025-12-11T16:55:52.329755,26.0,68.1,5319.8359375,0,0
2025-12-11T16:55:53.331303,26.2,68.1,5319.57421875,0,0
2025-12-11T16:55:54.332814,24.5,68.1,5318.9375,0,0
2025-12-11T16:55:55.334448,26.1,68.1,5319.12890625,0,0
2025-12-11T16:55:56.336027,25.9,68.2,5324.98046875,0,0
2025-12-11T16:55:57.337395,26.0,68.2,5325.140625,0,0
2025-12-11T16:55:58.338758,25.9,68.2,5325.87109375,0,0
2025-12-11T16:55:59.340384,26.2,68.2,5324.1953125,0,0
2025-12-11T16:56:00.341943,25.4,68.2,5325.1796875,0,0
2025-12-11T16:56:01.343475,26.6,68.2,5327.53515625,0,0
2025-12-11T16:56:02.345132,26.1,68.2,5329.7734375,0,0
2025-12-11T16:56:03.346705,26.9,68.2,5329.71875,0,0
2025-12-11T16:56:04.348142,26.0,68.2,5329.96484375,0,0
2025-12-11T16:56:05.349843,26.2,68.3,5330.88671875,0,0
2025-12-11T16:56:06.351386,26.0,68.3,5331.82421875,0,0
2025-12-11T16:56:07.353098,25.9,68.2,5330.11328125,0,0
2025-12-11T16:56:08.354670,24.3,68.3,5334.1953125,0,0
2025-12-11T16:56:09.356395,26.5,68.4,5344.8359375,0,0
2025-12-11T16:56:10.358086,25.9,68.4,5345.7734375,0,0
2025-12-11T16:57:39.639754,0.0,60.3,4711.61328125,1,0
2025-12-11T16:57:40.642068,21.4,64.7,5051.02734375,1,9
2025-12-11T16:57:41.645329,19.3,67.6,5283.515625,1,9
2025-12-11T16:57:42.649246,27.0,69.5,5429.79296875,1,9
2025-12-11T16:57:43.654013,26.7,69.6,5437.421875,1,9
2025-12-11T16:57:44.657929,27.4,69.7,5446.64453125,1,9
2025-12-11T16:57:45.660894,26.3,69.8,5449.4609375,1,9
2025-12-11T16:57:46.663500,26.2,69.8,5452.66796875,1,9
2025-12-11T16:57:47.666420,26.3,69.9,5457.64453125,1,9
2025-12-11T16:57:48.671271,26.8,69.9,5461.08984375,1,9
2025-12-11T16:57:49.674951,26.7,70.0,5465.3984375,1,9
2025-12-11T16:57:50.678771,27.1,70.0,5467.125,1,9
2025-12-11T16:57:51.681878,27.2,70.0,5467.1328125,1,9
2025-12-11T16:57:52.686177,26.9,70.1,5472.5390625,1,9
2025-12-11T16:57:53.689495,26.4,70.1,5472.22265625,1,9
2025-12-11T16:57:54.694000,26.6,70.1,5472.46875,1,9
2025-12-11T16:57:55.697346,26.9,70.1,5473.55078125,1,9
2025-12-11T16:57:56.702191,26.8,70.1,5476.95703125,1,9
2025-12-11T16:57:57.706501,27.1,70.1,5477.86328125,1,9
2025-12-11T16:57:58.710798,26.8,70.2,5478.84765625,1,9
2025-12-11T16:57:59.715531,27.5,70.2,5480.6796875,1,9
2025-12-11T16:58:00.718776,26.9,70.2,5483.390625,1,9
2025-12-11T16:58:01.721619,28.0,70.2,5482.83984375,1,9
2025-12-11T16:58:02.725724,27.4,70.2,5485.67578125,1,9
2025-12-11T16:58:03.729961,27.6,70.2,5486.421875,1,9
2025-12-11T16:58:04.732837,27.0,70.2,5486.5234375,1,9
2025-12-11T16:58:05.736564,27.5,70.0,5464.82421875,1,9
2025-12-11T16:58:06.739657,27.0,69.9,5457.10546875,1,9
2025-12-11T16:58:07.742661,25.7,69.2,5405.58984375,1,9
2025-12-11T16:58:08.745810,27.8,69.4,5418.05859375,1,9
2025-12-11T16:58:09.748490,27.9,69.4,5418.68359375,1,9
2025-12-11T16:58:10.750792,16.1,59.7,4664.6953125,1,9
2025-12-11T16:58:11.753359,17.2,64.0,4997.7109375,1,9
2025-12-11T16:58:12.756977,21.4,67.4,5262.4375,1,9
2025-12-11T16:58:13.760693,27.1,68.7,5364.2265625,1,9
2025-12-11T16:58:14.763878,26.4,68.8,5373.98828125,1,9
2025-12-11T16:58:15.767993,27.2,68.9,5379.0859375,1,9
2025-12-11T16:58:16.772222,27.6,68.9,5379.03515625,1,9
2025-12-11T16:58:17.777019,27.6,68.9,5381.67578125,1,9
2025-12-11T16:58:18.782044,26.8,68.9,5383.56640625,1,9
2025-12-11T16:58:19.786664,27.1,69.0,5386.03515625,1,9
2025-12-11T16:58:20.790203,26.7,69.0,5391.328125,1,9
2025-12-11T16:58:21.792989,27.5,69.1,5393.0703125,1,9
2025-12-11T16:58:22.796178,25.6,69.1,5393.578125,1,9
2025-12-11T16:58:23.799932,26.6,69.1,5399.48046875,1,9
2025-12-11T16:58:24.804275,27.1,69.1,5399.6640625,1,9
2025-12-11T16:58:25.808539,24.6,69.1,5400.51953125,1,9
2025-12-11T16:58:26.812057,26.6,69.2,5400.91796875,1,9
2025-12-11T16:58:27.814989,26.6,69.2,5404.81640625,1,9
2025-12-11T16:58:28.818626,26.9,69.2,5404.72265625,1,9
2025-12-11T16:58:29.822029,26.7,69.2,5405.1875,1,9
2025-12-11T16:58:30.825365,27.0,69.2,5404.87890625,1,9
2025-12-11T16:58:31.830119,26.6,69.2,5405.16796875,1,9
2025-12-11T16:58:32.833635,27.3,69.2,5406.3984375,1,9
2025-12-11T16:58:33.837402,26.6,69.3,5409.96875,1,9
2025-12-11T16:58:34.841076,28.2,69.3,5410.0078125,1,9
2025-12-11T16:58:35.844221,26.8,69.3,5411.09765625,1,9
2025-12-11T16:58:36.847935,27.6,69.3,5412.05078125,1,9
2025-12-11T16:58:37.851849,27.0,69.3,5414.01953125,1,9
2025-12-11T16:58:38.854741,27.1,69.4,5419.39453125,1,9
2025-12-11T16:58:39.858200,24.5,69.5,5431.45703125,1,9
2025-12-11T16:58:40.862163,27.2,69.6,5432.609375,1,9
2025-12-11T16:58:41.865574,18.1,69.4,5417.33203125,1,9
2025-12-11T16:58:42.867900,14.5,63.9,4994.0,1,8
2025-12-11T16:58:43.871851,18.5,66.9,5224.07421875,1,8
2025-12-11T16:58:44.875450,27.4,68.9,5379.5859375,1,8
2025-12-11T16:58:45.879400,27.5,69.0,5386.9296875,1,8
2025-12-11T16:58:46.882513,26.7,69.1,5393.2578125,1,8
2025-12-11T16:58:47.886320,26.8,69.1,5398.5,1,8
2025-12-11T16:58:48.890105,27.2,69.2,5401.59375,1,8
2025-12-11T16:58:49.894070,26.8,69.2,5404.296875,1,8
2025-12-11T16:58:50.897121,27.6,69.2,5407.56640625,1,8
2025-12-11T16:58:51.900689,27.5,69.3,5411.99609375,1,8
2025-12-11T16:58:52.905281,27.7,69.3,5411.90234375,1,8
2025-12-11T16:58:53.909319,27.8,69.3,5412.38671875,1,8
2025-12-11T16:58:54.913673,27.5,69.4,5417.703125,1,8
2025-12-11T16:58:55.918630,25.7,69.4,5416.9375,1,8
2025-12-11T16:58:56.922753,26.8,69.3,5410.7734375,1,8
2025-12-11T16:58:57.925605,26.4,69.3,5414.06640625,1,8
2025-12-11T16:58:58.930227,26.9,69.4,5418.03515625,1,8
2025-12-11T16:58:59.934633,26.8,69.4,5418.1328125,1,8
2025-12-11T16:59:00.937926,27.9,69.4,5420.359375,1,8
2025-12-11T16:59:01.940471,27.5,69.4,5420.265625,1,8
2025-12-11T16:59:02.944092,27.2,69.4,5421.89453125,1,8
2025-12-11T16:59:03.948562,26.7,69.5,5425.08984375,1,8
2025-12-11T16:59:04.952534,26.7,69.5,5425.05078125,1,8
2025-12-11T16:59:05.955010,26.7,69.5,5426.4140625,1,8
2025-12-11T16:59:06.957839,26.9,69.5,5427.5078125,1,8
2025-12-11T16:59:07.961037,27.0,69.5,5426.4609375,1,8
2025-12-11T16:59:08.964308,27.1,69.5,5430.83203125,1,8
2025-12-11T16:59:09.967856,25.5,69.7,5441.98046875,1,8
2025-12-11T16:59:10.971539,27.6,69.7,5442.89453125,1,8
2025-12-11T16:59:11.974497,26.2,69.7,5444.59765625,1,8
2025-12-11T16:59:12.977085,12.5,63.6,4965.76953125,1,7
2025-12-11T16:59:13.979470,16.9,64.4,5030.0,1,7
2025-12-11T16:59:14.983726,24.8,67.6,5277.12890625,1,7
2025-12-11T16:59:15.988368,26.7,68.7,5366.125,1,7
2025-12-11T16:59:16.992504,26.9,68.8,5373.06640625,1,7
2025-12-11T16:59:17.996097,26.9,68.8,5376.93359375,1,7
2025-12-11T16:59:18.999460,27.0,68.9,5381.0234375,1,7
2025-12-11T16:59:20.003480,27.0,68.9,5383.6796875,1,7
2025-12-11T16:59:21.006752,26.9,69.0,5388.296875,1,7
2025-12-11T16:59:22.009270,27.1,69.0,5392.33984375,1,7
2025-12-11T16:59:23.013129,26.2,69.1,5395.984375,1,7
2025-12-11T16:59:24.017106,26.7,69.1,5394.6484375,1,7
2025-12-11T16:59:25.021138,26.6,69.1,5398.79296875,1,7
2025-12-11T16:59:26.025138,26.8,69.1,5399.6484375,1,7
2025-12-11T16:59:27.028979,24.5,69.1,5400.44140625,1,7
2025-12-11T16:59:28.032283,26.5,69.1,5399.47265625,1,7
2025-12-11T16:59:29.036336,26.1,69.2,5405.37890625,1,7
2025-12-11T16:59:30.040259,26.7,69.2,5405.296875,1,7
2025-12-11T16:59:31.044201,26.7,69.2,5405.4453125,1,7
2025-12-11T16:59:32.048597,27.0,69.2,5407.33984375,1,7
2025-12-11T16:59:33.052887,27.3,69.3,5408.55859375,1,7
2025-12-11T16:59:34.057353,27.1,70.2,5485.02734375,1,7
2025-12-11T16:59:35.060730,26.7,71.7,5597.67578125,1,7
2025-12-11T16:59:36.066868,27.6,71.7,5597.37890625,1,7
2025-12-11T16:59:37.073226,26.9,71.6,5594.8125,1,7
2025-12-11T16:59:38.077221,26.7,71.7,5596.7734375,1,7
2025-12-11T16:59:39.080581,26.9,71.7,5597.1640625,1,7
2025-12-11T16:59:40.083787,25.1,71.7,5601.828125,1,7
2025-12-11T16:59:41.088336,26.9,71.9,5615.0078125,1,7
2025-12-11T16:59:42.091976,27.3,71.9,5615.6171875,1,7
2025-12-11T16:59:43.095297,13.1,63.3,4940.71875,1,6
2025-12-11T16:59:44.097811,16.3,64.1,5004.203125,1,6
2025-12-11T16:59:45.100885,22.9,67.8,5293.06640625,1,6
2025-12-11T16:59:46.104308,26.9,69.0,5392.6328125,1,6
2025-12-11T16:59:47.108234,27.4,69.2,5403.875,1,6
2025-12-11T16:59:48.111930,26.9,69.2,5406.51953125,1,6
2025-12-11T16:59:49.114966,27.2,69.3,5409.1875,1,6
2025-12-11T16:59:50.117979,26.8,69.3,5411.84375,1,6
2025-12-11T16:59:51.121897,27.2,69.3,5414.9375,1,6
2025-12-11T16:59:52.125680,26.8,69.4,5419.54296875,1,6
2025-12-11T16:59:53.129749,26.7,69.4,5422.98046875,1,6
2025-12-11T16:59:54.132521,25.7,69.4,5423.37890625,1,6
2025-12-11T16:59:55.136349,25.9,69.5,5425.765625,1,6
2025-12-11T16:59:56.140633,26.3,69.5,5428.1640625,1,6
2025-12-11T16:59:57.143778,24.9,69.5,5428.30859375,1,6
2025-12-11T16:59:58.147791,26.3,69.5,5427.2421875,1,6
2025-12-11T16:59:59.151374,26.7,69.5,5431.703125,1,6
2025-12-11T17:00:00.154995,26.6,69.5,5431.89453125,1,6
2025-12-11T17:00:01.160607,27.1,69.6,5433.3203125,1,6
2025-12-11T17:00:02.164570,27.2,69.6,5433.26171875,1,6
2025-12-11T17:00:03.167624,27.5,69.6,5433.94921875,1,6
2025-12-11T17:00:04.171499,26.6,69.6,5434.8515625,1,6
2025-12-11T17:00:05.174420,27.9,69.6,5437.515625,1,6
2025-12-11T17:00:06.177195,27.4,67.6,5280.72265625,1,6
2025-12-11T17:00:07.181368,29.0,67.6,5281.66796875,1,6
2025-12-11T17:00:08.185661,26.9,67.6,5281.62109375,1,6
2025-12-11T17:00:09.188757,26.9,67.6,5282.76171875,1,6
2025-12-11T17:00:10.192830,26.4,67.7,5287.15625,1,6
2025-12-11T17:00:11.196138,25.4,67.8,5297.69140625,1,6
2025-12-11T17:00:12.200252,26.3,67.8,5298.671875,1,6
2025-12-11T17:00:13.203619,16.5,57.9,4525.58203125,1,6
2025-12-11T17:00:14.207701,14.8,62.1,4852.98046875,1,5
2025-12-11T17:00:15.211738,19.0,65.3,5103.90625,1,5
2025-12-11T17:00:16.216362,25.9,67.2,5248.48046875,1,5
2025-12-11T17:00:17.219853,26.4,67.4,5260.9375,1,5
2025-12-11T17:00:18.223626,25.5,67.4,5266.75,1,5
2025-12-11T17:00:19.227849,26.1,67.5,5269.9140625,1,5
2025-12-11T17:00:20.231524,26.2,67.5,5272.56640625,1,5
2025-12-11T17:00:21.234626,26.7,67.5,5274.5078125,1,5
2025-12-11T17:00:22.238178,26.4,67.6,5279.859375,1,5
2025-12-11T17:00:23.241899,27.1,67.7,5283.734375,1,5
2025-12-11T17:00:24.245704,26.4,67.6,5282.47265625,1,5
2025-12-11T17:00:25.249526,27.2,67.6,5281.01953125,1,5
2025-12-11T17:00:26.253075,26.5,67.7,5287.05859375,1,5
2025-12-11T17:00:27.256437,25.2,67.7,5288.2421875,1,5
2025-12-11T17:00:28.259837,26.5,67.7,5289.1171875,1,5
2025-12-11T17:00:29.263755,25.9,67.8,5292.5625,1,5
2025-12-11T17:00:30.266544,26.7,67.8,5292.71484375,1,5
2025-12-11T17:00:31.268575,26.7,67.8,5292.9140625,1,5
2025-12-11T17:00:32.271720,26.5,67.8,5294.8359375,1,5
2025-12-11T17:00:33.275549,26.7,67.8,5295.0234375,1,5
2025-12-11T17:00:34.279170,27.0,70.2,5481.30859375,1,5
2025-12-11T17:00:35.282026,26.9,70.2,5484.63671875,1,5
2025-12-11T17:00:36.285685,27.2,70.2,5486.3046875,1,5
2025-12-11T17:00:37.288875,26.9,70.2,5485.93359375,1,5
2025-12-11T17:00:38.292778,27.3,70.3,5487.10546875,1,5
2025-12-11T17:00:39.296535,27.1,70.3,5487.05859375,1,5
2025-12-11T17:00:40.300255,26.9,70.3,5491.68359375,1,5
2025-12-11T17:00:41.303776,25.1,70.5,5503.94140625,1,5
2025-12-11T17:00:42.307583,26.4,70.5,5502.625,1,5
2025-12-11T17:00:43.309907,16.6,58.0,4528.1328125,1,5
2025-12-11T17:00:44.316586,14.4,62.2,4858.53515625,1,4
2025-12-11T17:00:45.320928,19.1,65.3,5102.61328125,1,4
2025-12-11T17:00:46.323761,26.9,68.2,5323.0625,1,4
2025-12-11T17:00:47.327608,26.1,68.3,5330.640625,1,4
2025-12-11T17:00:48.331789,26.1,68.4,5339.984375,1,4
2025-12-11T17:00:49.335647,26.6,68.4,5342.82421875,1,4
2025-12-11T17:00:50.339287,27.3,68.4,5344.90625,1,4
2025-12-11T17:00:51.343324,26.7,68.5,5347.8203125,1,4
2025-12-11T17:00:52.346851,26.9,68.5,5352.16796875,1,4
2025-12-11T17:00:53.351193,26.0,68.6,5355.12109375,1,4
2025-12-11T17:00:54.354794,27.2,68.6,5357.28125,1,4
2025-12-11T17:00:55.358424,26.2,68.6,5356.98828125,1,4
2025-12-11T17:00:56.360924,26.6,68.7,5363.015625,1,4
2025-12-11T17:00:57.363467,24.1,68.6,5360.57421875,1,4
2025-12-11T17:00:58.366449,26.4,70.0,5470.7734375,1,4
2025-12-11T17:00:59.369470,25.5,70.1,5475.8828125,1,4
2025-12-11T17:01:00.373087,26.5,70.1,5476.07421875,1,4
2025-12-11T17:01:01.377143,26.6,70.1,5477.25390625,1,4
2025-12-11T17:01:02.381261,27.2,70.1,5476.43359375,1,4
2025-12-11T17:01:03.385308,25.6,70.1,5477.41796875,1,4
2025-12-11T17:01:04.389354,26.8,70.1,5478.07421875,1,4
2025-12-11T17:01:05.392201,25.6,70.2,5484.45703125,1,4
2025-12-11T17:01:06.395675,27.2,70.2,5484.89453125,1,4
2025-12-11T17:01:07.398024,26.6,70.2,5483.25390625,1,4
2025-12-11T17:01:08.400690,25.8,70.2,5483.22265625,1,4
2025-12-11T17:01:09.403861,27.4,70.2,5484.40234375,1,4
2025-12-11T17:01:10.406636,24.3,70.3,5488.33984375,1,4
2025-12-11T17:01:11.410561,26.9,70.4,5502.23046875,1,4
2025-12-11T17:01:12.413968,25.9,70.4,5500.23828125,1,4
2025-12-11T17:01:13.417032,13.3,58.0,4529.6640625,1,3
2025-12-11T17:01:14.419485,16.2,62.3,4863.98828125,1,3
2025-12-11T17:01:15.422887,21.1,65.7,5135.04296875,1,3
2025-12-11T17:01:16.425387,26.2,67.1,5239.578125,1,3
2025-12-11T17:01:17.428853,26.2,67.2,5247.8359375,1,3
2025-12-11T17:01:18.431716,25.6,67.2,5250.7890625,1,3
2025-12-11T17:01:19.434126,26.0,67.3,5253.15234375,1,3
2025-12-11T17:01:20.438435,25.4,67.3,5253.484375,1,3
2025-12-11T17:01:21.442399,26.0,67.3,5256.828125,1,3
2025-12-11T17:01:22.446663,25.8,67.4,5260.66796875,1,3
2025-12-11T17:01:23.449876,26.0,67.4,5263.3671875,1,3
2025-12-11T17:01:24.453215,25.6,67.4,5264.0234375,1,3
2025-12-11T17:01:25.458384,25.8,67.5,5268.33203125,1,3
2025-12-11T17:01:26.462059,25.5,67.5,5268.859375,1,3
2025-12-11T17:01:27.466085,24.5,67.5,5268.07421875,1,3
2025-12-11T17:01:28.470059,25.7,67.5,5267.9921875,1,3
2025-12-11T17:01:29.472755,27.5,67.5,5273.36328125,1,3
2025-12-11T17:01:30.476418,25.5,67.5,5273.31640625,1,3
2025-12-11T17:01:31.478405,26.2,67.5,5273.64453125,1,3
2025-12-11T17:01:32.482291,25.5,67.5,5273.3984375,1,3
2025-12-11T17:01:33.486447,25.8,67.6,5277.47265625,1,3
2025-12-11T17:01:34.489347,25.4,67.6,5277.71875,1,3
2025-12-11T17:01:35.492915,25.8,67.6,5281.359375,1,3
2025-12-11T17:01:36.496326,25.7,67.6,5282.27734375,1,3
2025-12-11T17:01:37.500950,26.1,67.6,5281.80859375,1,3
2025-12-11T17:01:38.504633,25.7,67.6,5281.80859375,1,3
2025-12-11T17:01:39.508191,26.1,67.7,5285.921875,1,3
2025-12-11T17:01:40.511302,24.2,67.7,5284.53125,1,3
2025-12-11T17:01:41.516156,26.3,67.8,5296.44140625,1,3
2025-12-11T17:01:42.519114,24.7,67.8,5296.73046875,1,3
2025-12-11T17:01:43.521498,11.0,61.8,4828.9375,1,2
2025-12-11T17:01:44.524417,15.2,63.1,4928.640625,1,2
2025-12-11T17:01:45.527881,25.1,66.2,5172.1015625,1,2
2025-12-11T17:01:46.530655,26.4,67.3,5258.640625,1,2
2025-12-11T17:01:47.533375,26.3,67.5,5269.04296875,1,2
2025-12-11T17:01:48.536797,25.3,67.5,5271.91796875,1,2
2025-12-11T17:01:49.539462,26.0,67.5,5274.53125,1,2
2025-12-11T17:01:50.542302,25.9,67.6,5277.4609375,1,2
2025-12-11T17:01:51.545417,26.0,67.6,5279.875,1,2
2025-12-11T17:01:52.548809,27.0,67.6,5283.35546875,1,2
2025-12-11T17:01:53.552948,25.9,67.7,5286.49609375,1,2
2025-12-11T17:01:54.556553,26.9,67.7,5286.53125,1,2
2025-12-11T17:01:55.559912,26.5,67.7,5286.52734375,1,2
2025-12-11T17:01:56.563773,27.6,67.8,5293.84375,1,2
2025-12-11T17:01:57.567835,24.3,67.8,5293.78515625,1,2
2025-12-11T17:01:58.571738,26.0,67.8,5293.71875,1,2
2025-12-11T17:01:59.576483,25.5,67.8,5294.65234375,1,2
2025-12-11T17:02:00.579821,25.9,67.8,5298.53515625,1,2
2025-12-11T17:02:01.582889,26.0,67.8,5298.76953125,1,2
2025-12-11T17:02:02.587742,26.0,67.9,5299.296875,1,2
2025-12-11T17:02:03.590584,25.2,67.9,5299.73046875,1,2
2025-12-11T17:02:04.595429,25.3,67.9,5301.36328125,1,2
2025-12-11T17:02:05.599221,26.0,68.0,5309.484375,1,2
2025-12-11T17:02:06.602935,26.1,68.8,5374.6796875,1,2
2025-12-11T17:02:07.606092,25.7,70.3,5494.1484375,1,2
2025-12-11T17:02:08.609965,26.1,70.4,5494.8515625,1,2
2025-12-11T17:02:09.612576,25.5,70.4,5497.07421875,1,2
2025-12-11T17:02:10.615255,25.8,70.4,5500.265625,1,2
2025-12-11T17:02:11.619181,23.7,70.6,5511.5546875,1,2
2025-12-11T17:02:12.621462,26.4,70.6,5512.765625,1,2
2025-12-11T17:02:13.625765,19.0,70.6,5513.0078125,1,2
2025-12-11T17:02:14.627819,12.0,62.0,4844.28125,1,1
2025-12-11T17:02:15.631001,16.8,62.8,4908.109375,1,1
2025-12-11T17:02:16.634280,26.1,66.9,5223.59765625,1,1
2025-12-11T17:02:17.637648,25.7,68.1,5319.44140625,1,1
2025-12-11T17:02:18.640641,26.0,68.2,5327.8046875,1,1
2025-12-11T17:02:19.644244,24.7,68.3,5332.421875,1,1
2025-12-11T17:02:20.646089,25.7,68.3,5335.74609375,1,1
2025-12-11T17:02:21.648713,25.9,68.3,5336.296875,1,1
2025-12-11T17:02:22.652044,25.8,68.4,5338.62109375,1,1
2025-12-11T17:02:23.656110,25.1,68.4,5342.98828125,1,1
2025-12-11T17:02:24.660281,26.1,68.4,5345.203125,1,1
2025-12-11T17:02:25.664399,25.7,68.5,5346.55859375,1,1
2025-12-11T17:02:26.668052,26.6,68.5,5352.15625,1,1
2025-12-11T17:02:27.671594,24.6,68.5,5351.3671875,1,1
2025-12-11T17:02:28.674381,26.0,68.6,5359.49609375,1,1
2025-12-11T17:02:29.678359,26.3,68.7,5364.046875,1,1
2025-12-11T17:02:30.682006,26.0,68.7,5364.31640625,1,1
2025-12-11T17:02:31.685447,26.2,68.7,5362.984375,1,1
2025-12-11T17:02:32.689143,25.4,68.7,5363.84375,1,1
2025-12-11T17:02:33.692433,25.4,68.7,5362.9140625,1,1
2025-12-11T17:02:34.697319,25.3,68.7,5363.40625,1,1
2025-12-11T17:02:35.701235,25.9,68.7,5369.16015625,1,1
2025-12-11T17:02:36.705599,25.2,68.7,5369.40625,1,1
2025-12-11T17:02:37.709461,26.2,70.1,5477.35546875,1,1
2025-12-11T17:02:38.713579,25.3,70.1,5477.546875,1,1
2025-12-11T17:02:39.716406,25.8,70.2,5479.7109375,1,1
2025-12-11T17:02:40.719695,24.0,70.2,5484.0234375,1,1
2025-12-11T17:02:41.722866,27.2,71.3,5571.109375,1,1
2025-12-11T17:02:42.726850,25.8,70.4,5496.0546875,1,1
2025-12-11T17:02:43.729780,9.7,61.5,4803.765625,1,0
2025-12-11T17:02:44.732931,15.2,63.2,4932.62890625,1,0
2025-12-11T17:02:45.736567,23.0,66.1,5165.0,1,0
2025-12-11T17:02:46.740750,25.6,67.3,5260.04296875,1,0
2025-12-11T17:02:47.744746,25.7,67.4,5263.9921875,1,0
2025-12-11T17:02:48.748179,25.6,67.4,5266.9921875,1,0
2025-12-11T17:02:49.751864,26.1,67.5,5270.1015625,1,0
2025-12-11T17:02:50.754232,25.5,67.5,5274.23046875,1,0
2025-12-11T17:02:51.756750,25.7,67.6,5276.5234375,1,0
2025-12-11T17:02:52.761174,25.4,67.6,5281.92578125,1,0
2025-12-11T17:02:53.764883,25.7,67.6,5283.03515625,1,0
2025-12-11T17:02:54.768833,25.2,67.6,5283.5234375,1,0
2025-12-11T17:02:55.772165,26.0,67.7,5287.8671875,1,0
2025-12-11T17:02:56.775258,24.0,67.7,5286.671875,1,0
2025-12-11T17:02:57.778778,26.2,67.7,5284.625,1,0
2025-12-11T17:02:58.782098,25.5,67.7,5285.73046875,1,0
2025-12-11T17:02:59.784752,25.9,67.7,5290.796875,1,0
2025-12-11T17:03:00.788987,25.5,67.8,5292.71484375,1,0
2025-12-11T17:03:01.792262,25.7,67.8,5293.90625,1,0
2025-12-11T17:03:02.795521,25.2,67.8,5294.3671875,1,0
2025-12-11T17:03:03.798686,26.0,67.8,5296.1953125,1,0
2025-12-11T17:03:04.801553,25.4,67.9,5299.8828125,1,0
2025-12-11T17:03:05.804753,25.5,67.9,5299.21484375,1,0
2025-12-11T17:03:06.808356,25.2,67.8,5297.1640625,1,0
2025-12-11T17:03:07.812513,26.1,67.9,5302.01953125,1,0
2025-12-11T17:03:08.815735,25.5,68.9,5378.5078125,1,0
2025-12-11T17:03:09.818797,24.4,68.9,5384.34375,1,0
2025-12-11T17:03:10.822189,25.9,69.1,5395.58203125,1,0
2025-12-11T17:03:11.825253,25.8,69.1,5397.203125,1,0
2025-12-11T17:14:07.539619,0.0,66.2,5168.5625,1,0
2025-12-11T17:14:08.543036,19.0,70.8,5528.69140625,1,4
2025-12-11T17:14:09.547029,20.0,74.0,5782.6328125,1,4
2025-12-11T17:14:10.551604,27.0,75.6,5903.8203125,1,4
2025-12-11T17:14:11.555506,27.1,75.8,5922.76953125,1,4
2025-12-11T17:14:12.561307,27.5,76.0,5935.1484375,1,4
2025-12-11T17:14:13.566473,27.1,76.0,5937.22265625,1,4
2025-12-11T17:14:14.571030,27.4,76.1,5940.80859375,1,4
2025-12-11T17:14:15.575030,27.3,76.1,5943.84375,1,4
2025-12-11T17:14:16.579624,27.8,76.1,5943.8125,1,4
2025-12-11T17:14:17.583386,27.0,76.2,5948.390625,1,4
2025-12-11T17:14:18.588995,26.2,76.2,5951.02734375,1,4
2025-12-11T17:14:19.593249,25.8,76.2,5952.16015625,1,4
2025-12-11T17:14:20.597658,26.1,76.3,5955.8359375,1,4
2025-12-11T17:14:21.600950,26.4,76.3,5956.95703125,1,4
2025-12-11T17:14:22.605080,27.3,77.8,6078.55859375,1,4
2025-12-11T17:14:23.609161,28.3,78.2,6108.3203125,1,4
2025-12-11T17:14:24.613385,26.7,78.2,6111.37890625,1,4
2025-12-11T17:14:25.617826,25.9,78.3,6115.73046875,1,4
2025-12-11T17:14:26.621480,26.7,78.3,6114.23828125,1,4
2025-12-11T17:14:27.625012,25.7,78.3,6113.796875,1,4
2025-12-11T17:14:28.629310,26.5,78.3,6115.32421875,1,4
2025-12-11T17:14:29.633068,25.9,78.3,6114.84375,1,4
2025-12-11T17:14:30.637127,27.0,78.3,6116.31640625,1,4
2025-12-11T17:14:31.640785,26.8,78.4,6122.37890625,1,4
2025-12-11T17:14:32.644271,26.7,78.4,6123.61328125,1,4
2025-12-11T17:14:33.648966,26.3,78.4,6124.0,1,4
2025-12-11T17:14:34.652526,27.1,78.4,6123.24609375,1,4
2025-12-11T17:14:35.656278,26.8,78.4,6123.1640625,1,4
2025-12-11T17:14:36.660975,26.7,78.4,6123.84375,1,4
2025-12-11T17:14:37.665361,26.4,78.5,6128.0234375,1,4
2025-12-11T17:14:38.668716,24.4,78.6,6140.4765625,1,4
2025-12-11T17:14:39.672323,27.0,78.6,6140.46875,1,4
2025-12-11T17:14:40.675763,25.3,78.6,6141.890625,1,4
2025-12-11T17:14:41.679283,11.7,72.5,5664.1640625,1,3
2025-12-11T17:14:42.682147,15.3,73.5,5742.94140625,1,3
2025-12-11T17:14:43.688972,24.6,76.6,5986.41015625,1,3
2025-12-11T17:14:44.692417,26.8,77.9,6081.0703125,1,3
2025-12-11T17:14:45.696038,26.8,77.9,6082.98046875,1,3
2025-12-11T17:14:46.699485,27.4,75.8,5918.71875,1,3
2025-12-11T17:14:47.703394,27.1,75.8,5920.99609375,1,3
2025-12-11T17:14:48.707618,26.9,75.9,5924.33203125,1,3
2025-12-11T17:14:49.712131,26.6,75.9,5926.375,1,3
2025-12-11T17:14:50.716460,26.7,75.9,5928.58984375,1,3
2025-12-11T17:14:51.720434,29.0,76.2,5954.23046875,1,3
2025-12-11T17:14:52.724150,26.2,76.3,5958.2265625,1,3
2025-12-11T17:14:53.727501,26.0,76.3,5959.58203125,1,3
2025-12-11T17:14:54.731247,25.7,76.3,5958.03125,1,3
2025-12-11T17:14:55.736242,25.7,76.4,5964.921875,1,3
2025-12-11T17:14:56.740489,25.6,76.4,5965.0703125,1,3
2025-12-11T17:14:57.743924,24.6,76.4,5965.28515625,1,3
2025-12-11T17:14:58.747703,25.8,76.4,5970.0390625,1,3
2025-12-11T17:14:59.751584,25.7,76.4,5969.07421875,1,3
2025-12-11T17:15:00.755697,25.7,76.4,5967.6015625,1,3
2025-12-11T17:15:01.760161,26.1,76.4,5968.375,1,3
2025-12-11T17:15:02.764455,25.9,76.4,5969.22265625,1,3
2025-12-11T17:15:03.767565,26.2,76.5,5971.20703125,1,3
2025-12-11T17:15:04.771839,25.4,76.5,5972.80859375,1,3
2025-12-11T17:15:05.775822,26.1,76.5,5977.71875,1,3
2025-12-11T17:15:06.780106,26.1,76.5,5976.6953125,1,3
2025-12-11T17:15:07.784507,26.0,76.5,5977.10546875,1,3
2025-12-11T17:15:08.788766,26.2,76.6,5978.953125,1,3
2025-12-11T17:15:09.791982,26.2,76.6,5979.61328125,1,3
2025-12-11T17:15:10.796700,25.5,79.0,6169.00390625,1,3
2025-12-11T17:15:11.800625,25.0,79.0,6169.75,1,3
2025-12-11T17:15:12.805293,26.0,79.2,6182.234375,1,3
2025-12-11T17:15:13.808330,26.7,79.2,6184.21875,1,3
2025-12-11T17:15:14.811437,10.0,70.4,5501.40234375,1,2
2025-12-11T17:15:15.813850,15.6,71.6,5594.24609375,1,2
2025-12-11T17:15:16.817198,23.1,74.8,5839.58984375,1,2
2025-12-11T17:15:17.821067,29.5,74.8,5842.1875,1,2
2025-12-11T17:15:18.824872,26.0,75.0,5856.03515625,1,2
2025-12-11T17:15:19.829196,26.2,75.0,5859.0,1,2
2025-12-11T17:15:20.833261,26.1,75.1,5861.6015625,1,2
2025-12-11T17:15:21.837492,25.6,75.1,5864.0625,1,2
2025-12-11T17:15:22.841501,26.0,75.1,5866.65234375,1,2
2025-12-11T17:15:23.844666,25.8,75.2,5871.3359375,1,2
2025-12-11T17:15:24.848695,26.2,75.2,5873.12109375,1,2
2025-12-11T17:15:25.853838,26.1,75.2,5873.3359375,1,2
2025-12-11T17:15:26.857164,26.3,75.3,5879.4765625,1,2
2025-12-11T17:15:27.860615,25.5,75.3,5879.40234375,1,2
2025-12-11T17:15:28.865329,25.2,75.2,5877.04296875,1,2
2025-12-11T17:15:29.868969,26.2,75.3,5878.72265625,1,2
2025-12-11T17:15:30.872737,25.9,75.3,5883.59765625,1,2
2025-12-11T17:15:31.876206,26.0,75.3,5883.58984375,1,2
2025-12-11T17:15:32.880364,27.0,75.3,5884.9453125,1,2
2025-12-11T17:15:33.884347,25.8,75.4,5885.671875,1,2
2025-12-11T17:15:34.888132,26.7,75.3,5884.18359375,1,2
2025-12-11T17:15:35.892233,25.9,75.3,5884.71484375,1,2
2025-12-11T17:15:36.895707,26.4,75.4,5888.8125,1,2
2025-12-11T17:15:37.899796,25.7,75.4,5888.56640625,1,2
2025-12-11T17:15:38.903794,26.6,75.4,5889.68359375,1,2
2025-12-11T17:15:39.907957,25.8,75.4,5888.45703125,1,2
2025-12-11T17:15:40.912341,25.8,75.4,5886.94140625,1,2
2025-12-11T17:15:41.915255,25.5,75.4,5891.0390625,1,2
2025-12-11T17:15:42.919246,24.1,75.6,5903.84375,1,2
2025-12-11T17:15:43.922093,26.5,75.6,5904.9765625,1,2
2025-12-11T17:15:44.924461,24.8,75.6,5904.30078125,1,2
2025-12-11T17:15:45.934517,10.8,69.5,5427.21875,1,1
2025-12-11T17:15:46.937897,15.7,70.5,5508.63671875,1,1
2025-12-11T17:15:47.941433,25.0,73.6,5748.6171875,1,1
2025-12-11T17:15:48.945261,26.3,74.9,5846.47265625,1,1
2025-12-11T17:15:49.947821,26.7,74.9,5853.0390625,1,1
2025-12-11T17:15:50.951977,26.4,75.0,5855.5,1,1
2025-12-11T17:15:51.955789,25.4,75.0,5857.9140625,1,1
2025-12-11T17:15:52.960033,26.7,75.1,5861.765625,1,1
2025-12-11T17:15:53.964416,26.8,75.1,5865.390625,1,1
2025-12-11T17:15:54.967600,25.6,75.2,5869.76953125,1,1
2025-12-11T17:15:55.969397,25.5,75.2,5873.20703125,1,1
2025-12-11T17:15:56.972240,25.7,75.2,5873.08984375,1,1
2025-12-11T17:15:57.975242,26.1,75.3,5878.47265625,1,1
2025-12-11T17:15:58.979489,25.8,75.3,5879.12109375,1,1
2025-12-11T17:15:59.982558,24.5,75.3,5880.34765625,1,1
2025-12-11T17:16:00.985927,25.6,75.3,5880.515625,1,1
2025-12-11T17:16:01.989681,25.5,75.3,5884.40625,1,1
2025-12-11T17:16:02.993545,26.1,75.4,5885.578125,1,1
2025-12-11T17:16:03.996739,26.6,75.4,5884.96875,1,1
2025-12-11T17:16:05.000612,25.9,75.4,5885.93359375,1,1
2025-12-11T17:16:06.004184,26.3,75.4,5887.3515625,1,1
2025-12-11T17:16:07.007840,25.9,75.4,5889.0078125,1,1
2025-12-11T17:16:08.011822,26.5,75.5,5896.09765625,1,1
2025-12-11T17:16:09.014961,26.2,75.5,5897.546875,1,1
2025-12-11T17:16:10.018806,26.6,75.6,5902.9609375,1,1
2025-12-11T17:16:11.022192,25.9,75.6,5903.078125,1,1
2025-12-11T17:16:12.025388,26.3,75.6,5901.26953125,1,1
2025-12-11T17:16:13.028320,25.5,75.6,5905.35546875,1,1
2025-12-11T17:16:14.031760,25.2,75.8,5916.55078125,1,1
2025-12-11T17:16:15.035047,26.5,75.8,5916.4765625,1,1
2025-12-11T17:16:16.038338,15.8,65.8,5138.359375,1,1
2025-12-11T17:16:17.041790,14.5,70.2,5478.99609375,1,0
2025-12-11T17:16:18.045815,19.2,73.3,5727.79296875,1,0
2025-12-11T17:16:19.050152,25.8,75.0,5857.17578125,1,0
2025-12-11T17:16:20.053111,26.1,75.1,5867.9375,1,0
2025-12-11T17:16:21.056886,24.8,75.2,5870.85546875,1,0
2025-12-11T17:16:22.060758,26.2,75.2,5872.9609375,1,0
2025-12-11T17:16:23.064449,25.4,75.2,5876.1015625,1,0
2025-12-11T17:16:24.066957,26.6,75.3,5879.6953125,1,0
2025-12-11T17:16:25.070252,25.9,75.3,5882.890625,1,0
2025-12-11T17:16:26.074121,26.2,75.4,5885.75,1,0
2025-12-11T17:16:27.078701,26.2,75.4,5886.2421875,1,0
2025-12-11T17:16:28.084008,26.5,75.4,5886.4296875,1,0
2025-12-11T17:16:29.088168,25.7,75.4,5891.51171875,1,0
2025-12-11T17:16:30.091622,25.4,75.4,5888.15625,1,0
2025-12-11T17:16:31.094921,25.8,75.4,5889.35546875,1,0
2025-12-11T17:16:32.097310,25.8,75.5,5893.98828125,1,0
2025-12-11T17:16:33.100485,26.1,77.8,6079.484375,1,0
2025-12-11T17:16:34.103799,26.0,77.8,6078.5390625,1,0
2025-12-11T17:16:35.107283,26.3,77.8,6075.4453125,1,0
2025-12-11T17:16:36.111056,26.2,77.8,6076.12109375,1,0
2025-12-11T17:16:37.114457,26.7,77.8,6078.8671875,1,0
2025-12-11T17:16:38.118700,25.9,77.9,6083.97265625,1,0
2025-12-11T17:16:39.123266,26.1,77.9,6086.640625,1,0
2025-12-11T17:16:40.127405,25.6,77.9,6085.0703125,1,0
2025-12-11T17:16:41.131771,25.9,77.9,6086.28125,1,0
2025-12-11T17:16:42.135755,25.4,77.9,6084.06640625,1,0
2025-12-11T17:16:43.139129,26.2,77.9,6087.45703125,1,0
2025-12-11T17:16:44.142287,24.1,78.1,6099.37109375,1,0
2025-12-11T17:16:45.145256,27.8,78.1,6096.88671875,1,0
2025-12-11T17:16:46.148827,21.7,78.1,6096.88671875,1,0
2025-12-11T17:18:25.663437,0.0,65.8,5135.93359375,1,0
2025-12-11T17:18:26.666597,21.2,70.3,5494.2421875,1,9
2025-12-11T17:18:27.669557,16.7,66.9,5224.0703125,1,19
2025-12-11T17:18:28.672299,19.4,68.5,5351.98828125,1,27
2025-12-11T17:18:29.674973,13.9,69.2,5402.3671875,1,35
2025-12-11T17:18:30.678224,16.0,69.8,5453.09375,1,43
2025-12-11T17:18:31.680729,14.4,70.2,5479.59765625,1,51
2025-12-11T17:18:32.683733,15.5,70.3,5488.41015625,1,59
2025-12-11T17:18:33.688930,16.0,70.6,5517.1640625,1,67
2025-12-11T17:18:34.706004,23.5,72.6,5671.7421875,1,73
2025-12-11T17:18:35.709223,19.9,72.6,5669.8671875,1,83
2025-12-11T17:18:36.719966,21.2,72.8,5683.0234375,1,90
2025-12-11T17:18:37.725675,19.1,72.3,5647.73046875,1,99
2025-12-11T17:18:38.742526,20.0,72.9,5693.0703125,1,105
2025-12-11T17:18:39.784782,20.7,74.2,5798.29296875,1,109
2025-12-11T17:18:40.792642,22.1,75.7,5914.30078125,1,113
2025-12-11T17:18:41.803067,21.7,79.5,6208.83203125,1,115
2025-12-11T17:18:42.806363,24.9,82.5,6443.8046875,1,117
2025-12-11T17:18:43.817767,22.4,83.9,6551.34375,1,121
2025-12-11T17:18:44.822607,22.5,85.2,6651.73828125,1,128
2025-12-11T17:18:45.827850,21.6,86.9,6788.984375,1,137
2025-12-11T17:18:46.859822,22.5,87.6,6842.4140625,1,145
2025-12-11T17:18:47.881546,23.1,89.2,6963.9453125,1,152
2025-12-11T17:18:48.887231,23.2,90.2,7044.63671875,1,160
2025-12-11T17:18:49.898493,23.2,91.0,7107.4921875,1,167
2025-12-11T17:18:50.913455,24.3,91.8,7172.48046875,1,174
2025-12-11T17:18:51.924765,22.0,91.9,7176.64453125,1,182
2025-12-11T17:18:52.971368,22.1,92.1,7196.17578125,1,191
2025-12-11T17:18:53.974663,22.3,92.8,7244.8359375,1,198
2025-12-11T17:18:54.979829,21.3,92.3,7209.46875,1,206
2025-12-11T17:18:55.988455,21.6,93.2,7275.8984375,1,214
2025-12-11T17:18:56.992272,25.1,92.3,7208.8046875,1,221
2025-12-11T17:18:58.008980,24.1,91.1,7113.16015625,1,231
2025-12-11T17:18:59.012293,17.8,80.2,6264.66796875,1,249
2025-12-11T17:19:00.014268,18.7,85.2,6657.08203125,1,247
2025-12-11T17:19:01.016939,13.0,87.5,6830.16796875,1,245
2025-12-11T17:19:02.025151,19.5,88.4,6904.5625,1,243
2025-12-11T17:19:03.029570,13.9,91.1,7115.31640625,1,241
2025-12-11T17:19:04.038140,19.9,93.2,7280.578125,1,239
2025-12-11T17:19:05.097088,32.1,97.5,7613.89453125,1,237
2025-12-11T17:19:06.150289,33.2,98.0,7651.23046875,1,236
2025-12-11T17:19:07.162246,27.8,97.2,7590.0078125,1,239
2025-12-11T17:19:08.169992,27.6,95.9,7487.10546875,1,243
2025-12-11T17:19:09.465469,33.0,94.8,7407.44921875,1,250
2025-12-11T17:19:10.481906,29.2,95.6,7463.6875,1,279
2025-12-11T17:19:11.489801,28.5,93.5,7303.84765625,1,302
2025-12-11T17:19:12.493435,25.8,95.1,7429.203125,1,305
2025-12-11T17:19:13.513421,29.3,96.5,7539.96484375,1,314
2025-12-11T17:19:14.548929,27.9,96.5,7539.3046875,1,323
2025-12-11T17:19:15.565401,27.2,96.3,7521.375,1,331
2025-12-11T17:19:16.587999,25.2,91.4,7141.0234375,1,340
2025-12-11T17:19:17.595514,26.0,94.0,7339.04296875,1,348
2025-12-11T17:19:18.602600,23.4,93.2,7281.04296875,1,359
2025-12-11T17:19:19.607013,33.2,94.9,7411.8671875,1,367
2025-12-11T17:19:20.629681,25.0,94.7,7394.69921875,1,374
2025-12-11T17:19:21.658454,22.2,92.8,7244.74609375,1,385
2025-12-11T17:19:22.662662,20.3,91.4,7138.71875,1,394
2025-12-11T17:19:23.667161,21.6,90.6,7079.09375,1,403
2025-12-11T17:19:24.684946,21.3,89.8,7015.58203125,1,413
2025-12-11T17:19:25.691321,23.2,88.7,6931.3359375,1,422
2025-12-11T17:19:26.697623,19.6,86.3,6739.4765625,1,434
2025-12-11T17:19:27.701991,20.9,84.5,6603.203125,1,441
2025-12-11T17:19:28.705624,21.1,81.9,6398.359375,1,449
2025-12-11T17:19:29.709276,20.6,79.8,6234.09765625,1,458
2025-12-11T17:19:30.712879,20.3,76.4,5964.828125,1,470
2025-12-11T17:19:31.716903,21.3,74.9,5848.640625,1,476
2025-12-11T17:19:32.722665,20.9,74.9,5853.65234375,1,474
2025-12-11T17:19:33.724774,21.9,75.0,5855.6640625,1,472
2025-12-11T17:19:34.737524,30.2,76.0,5933.3359375,1,470
2025-12-11T17:19:35.742234,21.9,75.5,5893.0859375,1,468
2025-12-11T17:19:36.750052,23.1,75.7,5910.1875,1,466
2025-12-11T17:19:37.794163,21.8,75.8,5921.609375,1,464
2025-12-11T17:19:38.797840,21.9,75.9,5928.16796875,1,462
2025-12-11T17:19:39.830756,21.2,75.9,5929.66015625,1,461
2025-12-11T17:19:40.837521,21.9,75.9,5930.46875,1,459
2025-12-11T17:19:41.841256,20.9,75.9,5931.33984375,1,457
2025-12-11T17:19:42.868327,24.8,74.6,5828.7109375,1,455
2025-12-11T17:19:43.874064,27.2,75.1,5865.41796875,1,453
2025-12-11T17:19:44.879116,21.8,75.2,5870.04296875,1,452
2025-12-11T17:19:45.881993,20.8,75.2,5870.453125,1,449
2025-12-11T17:19:46.887518,21.6,75.2,5870.63671875,1,448
2025-12-11T17:19:47.916941,21.3,75.2,5874.171875,1,445
2025-12-11T17:19:48.920102,22.8,75.2,5876.81640625,1,444
2025-12-11T17:19:49.922480,28.3,75.5,5894.94921875,1,442
2025-12-11T17:19:50.925813,12.4,66.0,5153.9296875,1,440
2025-12-11T17:19:51.928777,7.5,65.8,5139.55859375,1,438
2025-12-11T17:19:52.931416,7.3,65.8,5140.921875,1,436
2025-12-11T17:19:53.935884,7.0,65.8,5141.453125,1,434
2025-12-11T17:19:54.939274,6.9,65.8,5139.69921875,1,432
2025-12-11T17:19:55.942320,7.6,65.8,5137.48046875,1,430
2025-12-11T17:19:56.945253,9.3,65.8,5138.15234375,1,428
2025-12-11T17:19:57.948485,7.5,65.8,5141.21875,1,426
2025-12-11T17:19:58.952039,6.9,65.8,5142.35546875,1,424
2025-12-11T17:19:59.955895,9.8,66.3,5178.90234375,1,422
2025-12-11T17:20:00.959335,7.1,66.3,5179.68359375,1,420
2025-12-11T17:20:01.962190,10.1,66.3,5181.9453125,1,418
2025-12-11T17:20:02.965052,6.9,66.3,5180.4765625,1,417
2025-12-11T17:20:03.969659,7.3,66.4,5182.9609375,1,415
2025-12-11T17:20:04.972680,7.4,66.4,5182.8828125,1,413
2025-12-11T17:20:05.975885,7.4,66.4,5185.4921875,1,411
2025-12-11T17:20:06.979624,6.8,66.4,5184.88671875,1,409
2025-12-11T17:20:07.982589,9.1,66.4,5182.90234375,1,407
2025-12-11T17:20:08.985181,13.8,66.4,5183.546875,1,405
2025-12-11T17:20:09.988432,14.0,66.4,5184.9453125,1,403
2025-12-11T17:20:10.990991,14.1,66.3,5179.4453125,1,400
2025-12-11T17:20:11.994780,14.2,66.4,5182.4375,1,398
2025-12-11T17:20:12.997420,14.1,66.7,5209.37890625,1,397
2025-12-11T17:20:13.999351,10.7,66.4,5184.4609375,1,394
2025-12-11T17:20:15.002069,6.9,66.4,5183.140625,1,392
2025-12-11T17:20:16.005527,8.8,66.2,5171.0703125,1,391
2025-12-11T17:20:17.008422,8.5,64.0,5002.0,1,389
2025-12-11T17:20:18.012033,8.4,64.0,5000.6796875,1,387
2025-12-11T17:20:19.016239,6.7,64.0,5000.828125,1,385
2025-12-11T17:20:20.019042,7.6,64.1,5005.0,1,383
2025-12-11T17:20:21.022435,6.7,64.1,5004.99609375,1,381
2025-12-11T17:20:22.025815,7.6,64.1,5005.16015625,1,379
2025-12-11T17:20:23.029211,7.2,64.1,5005.58203125,1,377
2025-12-11T17:20:24.032155,7.8,64.1,5006.5390625,1,375
2025-12-11T17:20:25.034823,6.8,64.1,5003.81640625,1,373
2025-12-11T17:20:26.036823,7.3,64.1,5005.61328125,1,371
2025-12-11T17:20:27.040005,6.9,64.1,5006.76171875,1,369
2025-12-11T17:20:28.042881,7.0,64.1,5006.76171875,1,367
2025-12-11T17:20:29.046847,7.0,64.1,5006.44921875,1,366
2025-12-11T17:20:30.049652,7.0,64.1,5006.9140625,1,364
2025-12-11T17:20:31.052911,7.1,64.1,5007.73046875,1,362
2025-12-11T17:20:32.055748,7.0,64.1,5007.73046875,1,360
2025-12-11T17:20:33.058361,7.5,64.1,5007.875,1,358
2025-12-11T17:20:34.061640,6.7,64.1,5008.42578125,1,356
2025-12-11T17:20:35.064653,9.3,64.6,5043.7265625,1,354
2025-12-11T17:20:36.068950,9.7,64.6,5046.6328125,1,353
2025-12-11T17:20:37.072399,8.2,64.6,5047.421875,1,351
2025-12-11T17:20:38.076346,7.0,64.6,5047.85546875,1,349
2025-12-11T17:20:39.079253,7.2,64.6,5047.19921875,1,346
2025-12-11T17:20:40.081979,6.6,64.6,5047.1640625,1,344
2025-12-11T17:20:41.085483,6.9,64.6,5046.6015625,1,342
2025-12-11T17:20:42.088086,7.7,64.8,5062.5625,1,340
2025-12-11T17:20:43.091410,8.4,64.8,5059.8984375,1,338
2025-12-11T17:20:44.094165,6.8,64.8,5059.8984375,1,336
2025-12-11T17:20:45.096904,7.2,64.8,5061.89453125,1,334
2025-12-11T17:20:46.099547,6.7,64.8,5061.890625,1,332
2025-12-11T17:20:47.102617,7.0,64.8,5062.41796875,1,330
2025-12-11T17:20:48.105034,6.6,64.8,5062.4140625,1,328
2025-12-11T17:20:49.107513,7.5,64.8,5061.44921875,1,326
2025-12-11T17:20:50.110742,6.7,64.8,5061.4453125,1,324
2025-12-11T17:20:51.114266,8.5,64.2,5015.015625,1,322
2025-12-11T17:20:52.117222,8.0,64.2,5013.29296875,1,320
2025-12-11T17:20:53.120105,6.9,64.2,5014.08203125,1,318
2025-12-11T17:20:54.123751,6.9,64.2,5014.328125,1,316
2025-12-11T17:20:55.126874,7.2,64.2,5014.3359375,1,314
2025-12-11T17:20:56.130242,6.6,64.2,5014.328125,1,312
2025-12-11T17:20:57.134217,10.8,66.4,5183.3046875,1,310
2025-12-11T17:20:58.136795,6.8,66.4,5184.9921875,1,308
2025-12-11T17:20:59.140064,8.4,66.4,5187.44921875,1,306
2025-12-11T17:21:00.143220,6.8,66.4,5187.4453125,1,304
2025-12-11T17:21:01.147669,7.0,66.4,5187.4296875,1,302
2025-12-11T17:21:02.152182,7.1,66.4,5187.91015625,1,300
2025-12-11T17:21:03.155749,7.3,66.5,5190.09765625,1,298
2025-12-11T17:21:04.158964,6.9,66.5,5190.08203125,1,296
2025-12-11T17:21:05.162067,7.5,66.5,5191.8125,1,294
2025-12-11T17:21:06.164839,7.0,66.5,5190.671875,1,292
2025-12-11T17:21:07.167769,7.0,66.5,5195.5859375,1,290
2025-12-11T17:21:08.171030,6.8,66.5,5195.5859375,1,288
2025-12-11T17:21:09.173736,7.2,66.5,5194.41015625,1,286
2025-12-11T17:21:10.177539,6.7,66.5,5194.3203125,1,284
2025-12-11T17:21:11.180460,6.7,66.5,5194.56640625,1,282
2025-12-11T17:21:12.183474,7.2,66.5,5193.00390625,1,280
2025-12-11T17:21:13.186445,6.7,66.5,5193.23828125,1,279
2025-12-11T17:21:14.189563,7.2,66.5,5193.609375,1,277
2025-12-11T17:21:15.192928,6.8,66.5,5193.609375,1,275
2025-12-11T17:21:16.196071,7.6,66.5,5193.9296875,1,273
2025-12-11T17:21:17.199959,6.7,66.5,5193.921875,1,271
2025-12-11T17:21:18.203407,7.2,66.5,5195.3828125,1,269
2025-12-11T17:21:19.206164,6.6,66.5,5195.37890625,1,267
2025-12-11T17:21:20.209883,7.2,66.5,5195.34765625,1,265
2025-12-11T17:21:21.213086,6.6,66.5,5195.34765625,1,263
2025-12-11T17:21:22.216180,7.3,66.5,5195.8359375,1,261
2025-12-11T17:21:23.219507,6.6,66.5,5195.828125,1,259
2025-12-11T17:21:24.223174,7.0,66.5,5195.25390625,1,257
2025-12-11T17:21:25.226469,6.9,66.5,5194.515625,1,255
2025-12-11T17:21:26.229799,6.9,66.5,5196.86328125,1,253
2025-12-11T17:21:27.233306,7.0,66.5,5196.86328125,1,251
2025-12-11T17:21:28.236682,6.9,66.5,5195.8203125,1,249
2025-12-11T17:21:29.240400,6.7,66.5,5195.8203125,1,247
2025-12-11T17:21:30.243887,7.2,66.5,5197.28515625,1,245
2025-12-11T17:21:31.246321,7.0,66.5,5197.28515625,1,243
2025-12-11T17:21:32.249221,7.2,66.5,5195.48046875,1,242
2025-12-11T17:21:33.252402,6.7,66.5,5195.48046875,1,240
2025-12-11T17:21:34.255552,9.4,65.8,5141.0390625,1,238
2025-12-11T17:21:35.258629,7.2,65.8,5141.46484375,1,236
2025-12-11T17:21:36.261682,7.3,65.8,5142.9765625,1,234
2025-12-11T17:21:37.265227,7.9,65.8,5140.8203125,1,232
2025-12-11T17:21:38.268389,7.3,65.8,5141.28125,1,230
2025-12-11T17:21:39.271874,6.7,65.8,5141.52734375,1,228
2025-12-11T17:21:40.274908,6.9,65.8,5140.72265625,1,226
2025-12-11T17:21:41.279442,7.1,65.8,5140.96875,1,224
2025-12-11T17:21:42.283169,7.6,65.8,5140.3828125,1,222
2025-12-11T17:21:43.286868,6.9,65.8,5140.375,1,220
2025-12-11T17:21:44.289879,7.0,65.8,5142.828125,1,218
2025-12-11T17:21:45.292966,9.6,67.5,5272.796875,1,216
2025-12-11T17:21:46.295795,7.2,67.5,5274.984375,1,214
2025-12-11T17:21:47.299515,6.9,67.5,5274.921875,1,212
2025-12-11T17:21:48.302557,7.0,67.6,5275.796875,1,210
2025-12-11T17:21:49.305101,6.6,67.6,5276.0390625,1,208
2025-12-11T17:21:50.308265,7.3,67.5,5275.21484375,1,206
2025-12-11T17:21:51.311386,8.1,64.1,5009.171875,1,204
2025-12-11T17:21:52.313935,7.0,64.1,5007.40625,1,202
2025-12-11T17:21:53.317378,6.7,64.1,5007.40625,1,200
2025-12-11T17:21:54.320679,6.9,64.1,5006.9609375,1,198
2025-12-11T17:21:55.323886,6.7,64.1,5006.15625,1,197
2025-12-11T17:21:56.328070,7.4,64.1,5006.33203125,1,195
2025-12-11T17:21:57.332188,7.7,64.1,5005.58203125,1,193
2025-12-11T17:21:58.334454,8.3,64.6,5042.53125,1,191
2025-12-11T17:21:59.337825,11.6,65.2,5089.0546875,1,190
2025-12-11T17:22:00.341250,7.3,65.2,5090.04296875,1,188
2025-12-11T17:22:01.344194,7.8,65.6,5123.71875,1,186
2025-12-11T17:22:02.346713,7.3,65.6,5124.984375,1,184
2025-12-11T17:22:03.351130,7.1,65.6,5124.8203125,1,182
2025-12-11T17:22:04.353792,7.1,65.6,5126.79296875,1,180
2025-12-11T17:22:05.357344,8.2,65.7,5129.73046875,1,178
2025-12-11T17:22:06.360293,7.3,65.7,5130.12109375,1,176
2025-12-11T17:22:07.363668,7.3,65.7,5132.0390625,1,174
2025-12-11T17:22:08.367805,6.9,65.7,5132.27734375,1,172
2025-12-11T17:22:09.370710,7.1,65.7,5132.76171875,1,170
2025-12-11T17:22:10.373599,6.9,65.8,5136.84375,1,168
2025-12-11T17:22:11.377525,7.0,65.8,5138.80078125,1,166
2025-12-11T17:22:12.380403,6.9,65.8,5138.796875,1,164
2025-12-11T17:22:13.383951,7.3,65.8,5137.17578125,1,163
2025-12-11T17:22:14.388207,7.2,65.8,5137.859375,1,161
2025-12-11T17:22:15.391645,7.3,65.8,5137.5546875,1,159
2025-12-11T17:22:16.394657,7.4,65.8,5138.50390625,1,157
2025-12-11T17:22:17.397380,8.0,65.8,5139.1328125,1,155
2025-12-11T17:22:18.399440,7.4,65.8,5142.55859375,1,153
2025-12-11T17:22:19.402435,8.1,65.9,5144.2109375,1,151
2025-12-11T17:22:20.404969,7.1,65.8,5142.21875,1,149
2025-12-11T17:22:21.408663,7.0,65.9,5143.69921875,1,147
2025-12-11T17:22:22.411574,6.9,65.9,5143.6796875,1,145
2025-12-11T17:22:23.414892,7.0,65.8,5142.5546875,1,143
2025-12-11T17:22:24.418212,6.8,65.8,5142.5546875,1,141
2025-12-11T17:22:25.421232,6.9,65.9,5144.50390625,1,139
2025-12-11T17:22:26.424888,6.6,65.9,5144.50390625,1,138
2025-12-11T17:22:27.428535,7.2,65.9,5143.29296875,1,136
2025-12-11T17:22:28.432237,6.7,65.9,5143.28125,1,134
2025-12-11T17:22:29.435984,7.0,65.9,5144.4609375,1,132
2025-12-11T17:22:30.439075,6.6,65.9,5144.45703125,1,130
2025-12-11T17:22:31.441783,7.0,65.9,5145.44921875,1,128
2025-12-11T17:22:32.445656,6.7,65.9,5145.4375,1,126
2025-12-11T17:22:33.449113,7.0,65.9,5144.875,1,124
2025-12-11T17:22:34.451851,6.6,65.9,5144.87109375,1,122
2025-12-11T17:22:35.454135,7.0,65.9,5143.703125,1,120
2025-12-11T17:22:36.457323,6.7,65.8,5142.046875,1,118
2025-12-11T17:22:37.461076,7.0,65.8,5142.515625,1,116
2025-12-11T17:22:38.463992,6.7,65.8,5142.515625,1,114
2025-12-11T17:22:39.467864,7.0,65.9,5143.73046875,1,112
2025-12-11T17:22:40.470778,6.6,65.9,5143.71875,1,110
2025-12-11T17:22:41.474026,7.1,65.9,5143.96875,1,108
2025-12-11T17:22:42.477191,6.6,65.9,5143.95703125,1,106
2025-12-11T17:22:43.480359,6.7,65.9,5143.1796875,1,104
2025-12-11T17:22:44.482393,6.7,65.9,5143.1796875,1,102
2025-12-11T17:22:45.485443,6.9,65.9,5144.4375,1,100
2025-12-11T17:22:46.488991,6.8,65.9,5143.12890625,1,98
2025-12-11T17:22:47.492217,6.9,65.9,5146.3359375,1,96
2025-12-11T17:22:48.495056,6.9,65.9,5146.3203125,1,94
2025-12-11T17:22:49.497703,6.9,65.9,5146.28515625,1,92
2025-12-11T17:22:50.500869,6.8,65.9,5146.5,1,90
2025-12-11T17:22:51.503751,6.9,65.9,5146.2890625,1,88
2025-12-11T17:22:52.506483,6.7,65.9,5146.26953125,1,86
2025-12-11T17:22:53.509888,7.0,65.9,5144.1015625,1,84
2025-12-11T17:22:54.512574,6.6,65.9,5144.171875,1,81
2025-12-11T17:22:55.515416,6.7,65.9,5145.4140625,1,79
2025-12-11T17:22:56.519037,6.9,65.8,5142.21484375,1,77
2025-12-11T17:22:57.521721,7.1,65.9,5144.6640625,1,75
2025-12-11T17:22:58.525393,6.7,65.9,5144.89453125,1,73
2025-12-11T17:22:59.527340,6.9,65.9,5146.609375,1,71
2025-12-11T17:23:00.530269,6.9,65.9,5146.9765625,1,69
2025-12-11T17:23:01.532613,6.9,65.9,5146.92578125,1,67
2025-12-11T17:23:02.535334,7.5,65.9,5148.64453125,1,66
2025-12-11T17:23:03.539330,7.1,65.9,5148.8828125,1,64
2025-12-11T17:23:04.542337,7.1,65.9,5146.93359375,1,62
2025-12-11T17:23:05.546168,6.7,65.9,5146.92578125,1,60
2025-12-11T17:23:06.549777,7.0,65.9,5148.640625,1,58
2025-12-11T17:23:07.553577,6.6,65.9,5148.63671875,1,56
2025-12-11T17:23:08.557356,7.3,65.9,5149.01953125,1,54
2025-12-11T17:23:09.560573,6.9,65.9,5149.2578125,1,52
2025-12-11T17:23:10.563837,6.9,65.9,5148.0625,1,50
2025-12-11T17:23:11.567179,6.7,65.9,5148.2890625,1,48
2025-12-11T17:23:12.570297,9.3,66.1,5159.38671875,1,46
2025-12-11T17:23:13.575330,7.2,66.0,5157.75390625,1,44
2025-12-11T17:23:14.578208,7.4,66.0,5156.3046875,1,42
2025-12-11T17:23:15.581214,9.1,66.1,5163.12890625,1,40
2025-12-11T17:23:16.584141,7.5,66.0,5158.3359375,1,38
2025-12-11T17:23:17.587547,7.1,66.0,5157.60546875,1,36
2025-12-11T17:23:18.590674,7.2,66.0,5157.44140625,1,34
2025-12-11T17:23:19.593788,7.5,66.0,5158.14453125,1,32
2025-12-11T17:23:20.597006,7.9,66.0,5157.84765625,1,30
2025-12-11T17:23:21.599647,6.9,66.0,5157.83984375,1,28
2025-12-11T17:23:22.602476,7.4,66.0,5158.28125,1,26
2025-12-11T17:23:23.606045,7.9,66.1,5163.8828125,1,25
2025-12-11T17:23:24.608903,7.2,66.1,5166.34375,1,23
2025-12-11T17:23:25.612426,6.6,66.1,5166.328125,1,21
2025-12-11T17:23:26.616083,7.0,66.2,5167.07421875,1,19
2025-12-11T17:23:27.619048,7.0,66.2,5167.05078125,1,17
2025-12-11T17:23:28.622787,8.7,64.7,5055.046875,1,15
2025-12-11T17:23:29.625113,7.0,64.7,5055.046875,1,13
2025-12-11T17:23:30.627879,7.2,64.8,5060.60546875,1,11
2025-12-11T17:23:31.630445,6.5,65.9,5143.74609375,1,9
2025-12-11T17:23:32.633025,16.8,69.2,5408.08984375,1,9
2025-12-11T17:23:33.636990,9.4,70.3,5494.10546875,1,9
2025-12-11T17:23:34.641557,15.9,72.4,5653.73828125,1,9
2025-12-11T17:23:35.646555,15.0,73.8,5764.3515625,1,9
2025-12-11T17:23:36.650157,24.4,77.1,6017.99609375,1,9
2025-12-11T17:23:37.652786,24.8,78.3,6113.97265625,1,9
2025-12-11T17:23:38.656400,24.8,78.4,6124.7890625,1,9
2025-12-11T17:23:39.660452,24.3,78.5,6128.421875,1,9
2025-12-11T17:23:40.664442,24.8,78.5,6129.6015625,1,9
2025-12-11T17:23:41.667542,24.5,78.5,6131.2734375,1,9
2025-12-11T17:23:42.671012,23.5,78.5,6132.7890625,1,9
2025-12-11T17:23:43.674513,23.9,78.6,6135.1875,1,9
2025-12-11T17:23:44.677874,24.8,78.6,6141.5859375,1,9
2025-12-11T17:23:45.681221,24.4,78.8,6154.43359375,1,9
2025-12-11T17:23:46.684538,25.1,78.8,6155.66015625,1,9
2025-12-11T17:23:47.688521,26.8,79.2,6187.5859375,1,9
2025-12-11T17:23:48.691800,26.0,79.3,6190.28515625,1,9
2025-12-11T17:23:49.695151,23.3,79.3,6190.0078125,1,9
2025-12-11T17:23:50.698330,24.0,79.3,6189.95703125,1,9
2025-12-11T17:23:51.701481,24.7,79.3,6195.5703125,1,9
2025-12-11T17:23:52.705417,24.8,79.3,6195.39453125,1,9
2025-12-11T17:23:53.709545,25.3,79.3,6196.24609375,1,9
2025-12-11T17:23:54.713515,25.0,79.3,6195.85546875,1,9
2025-12-11T17:23:55.717850,24.3,81.7,6380.0234375,1,9
2025-12-11T17:23:56.721086,22.8,81.7,6381.703125,1,9
2025-12-11T17:23:57.724723,24.3,81.7,6381.8046875,1,9
2025-12-11T17:23:58.728345,25.4,81.7,6384.48828125,1,9
2025-12-11T17:23:59.731932,25.3,81.7,6383.9765625,1,9
2025-12-11T17:24:00.736263,23.8,81.7,6384.10546875,1,9
2025-12-11T17:24:01.739055,25.5,81.7,6384.34375,1,9
2025-12-11T17:24:02.741742,24.0,81.7,6384.76953125,1,9
2025-12-11T17:24:03.745441,25.0,81.8,6389.890625,1,9
2025-12-11T17:24:04.748493,22.5,82.0,6402.31640625,1,9
2025-12-11T17:24:05.751414,24.3,82.0,6403.0625,1,9
2025-12-11T17:24:06.755354,23.6,82.0,6404.609375,1,9
2025-12-11T17:24:07.758070,10.2,72.9,5694.1875,1,8
2025-12-11T17:24:08.761068,14.6,74.1,5787.78515625,1,8
2025-12-11T17:24:09.766491,23.1,77.6,6059.3046875,1,8
2025-12-11T17:24:10.770871,25.2,78.7,6148.08203125,1,8
2025-12-11T17:24:11.773673,25.5,78.8,6155.98828125,1,8
2025-12-11T17:24:12.778137,25.1,78.9,6158.48046875,1,8
2025-12-11T17:24:13.781526,25.3,78.9,6160.7109375,1,8
2025-12-11T17:24:14.785518,25.7,78.9,6162.51953125,1,8
2025-12-11T17:24:15.789674,26.1,78.9,6163.50390625,1,8
2025-12-11T17:24:16.793680,25.2,78.9,6165.828125,1,8
2025-12-11T17:24:17.797208,26.8,79.0,6169.88671875,1,8
2025-12-11T17:24:18.800354,25.1,79.0,6170.6796875,1,8
2025-12-11T17:24:19.803943,25.8,79.0,6171.66015625,1,8
2025-12-11T17:24:20.808264,25.0,79.1,6176.7734375,1,8
2025-12-11T17:24:21.812113,24.0,79.1,6177.51171875,1,8
2025-12-11T17:24:22.815602,25.3,79.1,6177.65625,1,8
2025-12-11T17:24:23.820423,25.7,79.1,6178.3984375,1,8
2025-12-11T17:24:24.823862,25.3,79.2,6181.984375,1,8
2025-12-11T17:24:25.826949,25.4,79.2,6181.92578125,1,8
2025-12-11T17:24:26.830258,24.8,79.2,6182.37890625,1,8
2025-12-11T17:24:27.834016,25.0,79.2,6183.1171875,1,8
2025-12-11T17:24:28.837723,24.8,79.2,6184.99609375,1,8
2025-12-11T17:24:29.841411,25.4,79.2,6188.44140625,1,8
2025-12-11T17:24:30.844057,25.1,79.2,6188.87109375,1,8
2025-12-11T17:24:31.848052,25.0,79.2,6188.828125,1,8
2025-12-11T17:24:32.851978,25.6,79.2,6187.5703125,1,8
2025-12-11T17:24:33.855680,25.3,79.2,6187.56640625,1,8
2025-12-11T17:24:34.859421,25.5,79.3,6192.15625,1,8
2025-12-11T17:24:35.863547,23.6,79.4,6204.44140625,1,8
2025-12-11T17:24:36.867233,25.7,79.4,6205.08984375,1,8
2025-12-11T17:24:37.869950,21.2,79.4,6203.3203125,1,8
2025-12-11T17:24:38.872375,12.0,73.4,5733.03515625,1,7
2025-12-11T17:24:39.875562,15.1,74.2,5791.65234375,1,7
2025-12-11T17:24:40.879145,25.0,78.5,6134.3203125,1,7
2025-12-11T17:24:41.882244,25.0,78.7,6146.10546875,1,7
2025-12-11T17:24:42.885794,25.3,78.8,6155.8515625,1,7
2025-12-11T17:24:43.888276,24.8,78.8,6157.328125,1,7
2025-12-11T17:24:44.892500,25.4,78.9,6161.9453125,1,7
2025-12-11T17:24:45.896586,25.1,78.9,6164.05078125,1,7
2025-12-11T17:24:46.900718,25.6,79.0,6166.18359375,1,7
2025-12-11T17:24:47.904416,25.0,79.0,6171.01171875,1,7
2025-12-11T17:24:48.908654,25.5,79.0,6170.14453125,1,7
2025-12-11T17:24:49.911972,25.1,79.1,6175.55859375,1,7
2025-12-11T17:24:50.914875,25.3,79.1,6175.66796875,1,7
2025-12-11T17:24:51.918298,23.3,79.1,6175.85546875,1,7
2025-12-11T17:24:52.921992,25.6,79.1,6176.3046875,1,7
2025-12-11T17:24:53.925181,25.3,79.1,6180.1875,1,7
2025-12-11T17:24:54.927526,25.3,79.1,6180.37890625,1,7
2025-12-11T17:24:55.931215,24.5,79.1,6180.37890625,1,7
2025-12-11T17:24:56.934963,25.6,80.1,6256.3359375,1,7
2025-12-11T17:24:57.938829,25.0,80.1,6258.2578125,1,7
2025-12-11T17:24:58.943071,25.2,80.1,6258.69921875,1,7
2025-12-11T17:24:59.946665,25.2,80.2,6267.3125,1,7
2025-12-11T17:25:00.949537,25.8,80.3,6267.9921875,1,7
2025-12-11T17:25:01.953135,25.2,80.3,6268.23828125,1,7
2025-12-11T17:25:02.957227,25.2,80.3,6269.30859375,1,7
2025-12-11T17:25:03.960156,24.8,80.3,6273.24609375,1,7
2025-12-11T17:25:04.962961,24.2,80.3,6273.17578125,1,7
2025-12-11T17:25:05.967186,25.3,80.5,6285.7265625,1,7
2025-12-11T17:25:06.970308,23.0,80.5,6285.0625,1,7
2025-12-11T17:25:07.973108,10.5,73.4,5729.109375,1,6
2025-12-11T17:25:08.977080,14.8,74.4,5807.2578125,1,6
2025-12-11T17:25:09.980987,25.7,77.6,6060.8515625,1,6
2025-12-11T17:25:10.984320,24.8,78.8,6154.99609375,1,6
2025-12-11T17:25:11.988033,25.8,78.9,6162.640625,1,6
2025-12-11T17:25:12.991520,24.9,78.9,6164.93359375,1,6
2025-12-11T17:25:13.995890,24.8,79.0,6169.109375,1,6
2025-12-11T17:25:14.999679,25.5,79.0,6171.453125,1,6
2025-12-11T17:25:16.003205,25.4,79.0,6173.6015625,1,6
2025-12-11T17:25:17.007109,25.4,79.1,6178.76953125,1,6
2025-12-11T17:25:18.010263,25.4,79.1,6178.1015625,1,6
2025-12-11T17:25:19.014639,25.1,79.1,6178.35546875,1,6
2025-12-11T17:25:20.018658,25.4,79.2,6185.26953125,1,6
2025-12-11T17:25:21.021110,23.7,79.2,6185.5,1,6
2025-12-11T17:25:22.026549,25.5,79.2,6186.1796875,1,6
2025-12-11T17:25:23.029240,25.2,79.3,6191.0234375,1,6
2025-12-11T17:25:24.033142,24.8,79.2,6187.51953125,1,6
2025-12-11T17:25:25.036792,25.2,79.2,6187.46484375,1,6
2025-12-11T17:25:26.040879,25.9,79.2,6189.36328125,1,6
2025-12-11T17:25:27.045273,25.2,79.2,6189.3046875,1,6
2025-12-11T17:25:28.049231,26.0,79.3,6190.53515625,1,6
2025-12-11T17:25:29.052916,25.4,79.3,6197.3671875,1,6
2025-12-11T17:25:30.056373,25.5,79.4,6198.6015625,1,6
2025-12-11T17:25:31.059106,25.7,79.4,6198.734375,1,6
2025-12-11T17:25:32.063170,25.5,79.4,6198.91015625,1,6
2025-12-11T17:25:33.067230,25.5,79.4,6198.90625,1,6
2025-12-11T17:25:34.070471,24.7,79.4,6203.5078125,1,6
2025-12-11T17:25:35.073493,26.0,79.6,6215.56640625,1,6
2025-12-11T17:25:36.076838,26.7,79.6,6215.765625,1,6
2025-12-11T17:25:37.079446,11.9,72.9,5694.390625,1,5
2025-12-11T17:25:38.082177,14.6,73.8,5760.27734375,1,5
2025-12-11T17:25:39.086408,23.1,77.6,6057.13671875,1,5
2025-12-11T17:25:40.090009,26.5,78.7,6146.890625,1,5
2025-12-11T17:25:41.093888,26.1,78.8,6155.44921875,1,5
2025-12-11T17:25:42.097376,25.9,78.8,6155.96875,1,5
2025-12-11T17:25:43.100904,26.0,78.9,6158.89453125,1,5
2025-12-11T17:25:44.104145,25.7,78.9,6162.20703125,1,5
2025-12-11T17:25:45.107842,25.7,78.9,6164.60546875,1,5
2025-12-11T17:25:46.111446,24.6,79.0,6169.00390625,1,5
2025-12-11T17:25:47.115649,25.7,79.0,6171.89453125,1,5
2025-12-11T17:25:48.119726,26.1,77.2,6030.32421875,1,5
2025-12-11T17:25:49.123368,26.3,77.2,6030.6484375,1,5
2025-12-11T17:25:50.127259,25.9,77.3,6034.98828125,1,5
2025-12-11T17:25:51.130463,24.6,77.2,6032.78125,1,5
2025-12-11T17:25:52.134245,26.0,77.3,6033.76171875,1,5
2025-12-11T17:25:53.137632,26.3,77.3,6037.984375,1,5
2025-12-11T17:25:54.140333,25.6,77.3,6037.9296875,1,5
2025-12-11T17:25:55.144023,26.2,77.3,6039.34375,1,5
2025-12-11T17:25:56.148189,25.2,77.3,6039.53125,1,5
2025-12-11T17:25:57.150859,26.3,77.3,6040.72265625,1,5
2025-12-11T17:25:58.154485,26.2,77.3,6040.90625,1,5
2025-12-11T17:25:59.157656,27.6,77.4,6042.32421875,1,5
2025-12-11T17:26:00.161487,25.9,77.4,6042.5078125,1,5
2025-12-11T17:26:01.164815,25.4,77.4,6044.140625,1,5
2025-12-11T17:26:02.168420,25.1,77.4,6044.83203125,1,5
2025-12-11T17:26:03.172500,25.6,77.4,6046.2578125,1,5
2025-12-11T17:26:04.175547,25.8,77.4,6048.6171875,1,5
2025-12-11T17:26:05.179054,24.8,77.6,6059.4140625,1,5
2025-12-11T17:26:06.182613,25.8,77.6,6059.90625,1,5
2025-12-11T17:26:07.186494,17.1,67.8,5296.70703125,1,5
2025-12-11T17:26:08.192781,13.5,71.6,5594.6640625,1,4
2025-12-11T17:26:09.196783,19.6,75.2,5877.1328125,1,4
2025-12-11T17:26:10.200099,25.1,76.9,6003.375,1,4
2025-12-11T17:26:11.203180,25.8,77.0,6011.8984375,1,4
2025-12-11T17:26:12.207874,24.6,77.0,6016.8203125,1,4
2025-12-11T17:26:13.212001,25.9,77.1,6019.9296875,1,4
2025-12-11T17:26:14.215307,25.5,77.1,6019.9921875,1,4
2025-12-11T17:26:15.217992,25.7,77.1,6022.94140625,1,4
2025-12-11T17:26:16.220990,25.1,77.2,6027.0234375,1,4
2025-12-11T17:26:17.224351,25.7,77.2,6028.28515625,1,4
2025-12-11T17:26:18.228245,25.4,77.2,6027.1796875,1,4
2025-12-11T17:26:19.232303,25.1,77.2,6027.6171875,1,4
2025-12-11T17:26:20.235643,25.9,77.3,6033.96484375,1,4
2025-12-11T17:26:21.239288,23.5,77.3,6033.90625,1,4
2025-12-11T17:26:22.242393,25.5,77.3,6035.29296875,1,4
2025-12-11T17:26:23.247109,25.2,77.3,6035.78515625,1,4
2025-12-11T17:26:24.251680,25.7,77.3,6039.23046875,1,4
2025-12-11T17:26:25.255044,25.1,77.4,6041.4609375,1,4
2025-12-11T17:26:26.258713,25.3,77.3,6040.3046875,1,4
2025-12-11T17:26:27.262812,25.1,77.3,6040.80078125,1,4
2025-12-11T17:26:28.266741,25.9,78.3,6116.47265625,1,4
2025-12-11T17:26:29.270531,25.0,78.4,6123.31640625,1,4
2025-12-11T17:26:30.274002,25.7,78.4,6124.0078125,1,4
2025-12-11T17:26:31.276433,25.2,78.4,6124.25,1,4
2025-12-11T17:26:32.280689,26.3,78.4,6126.671875,1,4
2025-12-11T17:26:33.285134,25.4,78.4,6126.6328125,1,4
2025-12-11T17:26:34.290159,25.5,78.5,6127.984375,1,4
2025-12-11T17:26:35.295056,23.4,78.5,6131.3828125,1,4
2025-12-11T17:26:36.297601,25.6,78.7,6143.92578125,1,4
2025-12-11T17:26:37.300386,25.4,78.7,6144.34375,1,4
2025-12-11T17:26:38.304765,9.7,71.4,5573.37890625,1,3
2025-12-11T17:26:39.308309,14.9,72.4,5656.51171875,1,3
2025-12-11T17:26:40.312316,23.3,75.5,5895.3828125,1,3
2025-12-11T17:26:41.316621,25.2,76.6,5979.4375,1,3
2025-12-11T17:26:42.320506,25.5,76.7,5988.96484375,1,3
2025-12-11T17:26:43.324449,24.8,76.7,5990.08203125,1,3
2025-12-11T17:26:44.329217,25.7,76.7,5992.7109375,1,3
2025-12-11T17:26:45.333660,26.3,77.6,6057.796875,1,3
2025-12-11T17:26:46.337852,28.1,77.7,6072.33203125,1,3
2025-12-11T17:26:47.341050,25.5,77.8,6074.79296875,1,3
2025-12-11T17:26:48.344901,27.0,77.8,6077.859375,1,3
2025-12-11T17:26:49.349519,25.1,78.0,6094.1015625,1,3
2025-12-11T17:26:50.353985,25.6,78.0,6092.609375,1,3
2025-12-11T17:26:51.357710,25.5,78.1,6098.19140625,1,3
2025-12-11T17:26:52.360746,27.0,78.1,6099.19140625,1,3
2025-12-11T17:26:53.364879,26.0,78.0,6091.09765625,1,3
2025-12-11T17:49:29.130028,0.0,49.6,3870.4453125,1,0
2025-12-11T17:49:30.134996,3.9,51.3,4006.39453125,1,0
2025-12-11T17:49:31.139657,4.0,50.6,3953.23828125,1,0
